source_marker,production_allowed,scraped_at_utc,source_provider,source_page,visual_model_key,make_key,make_name,model_key,model_name,body_type_key,body_name,body_style,model_bodywork,model_type,year_from,year_to,representative_vehicle_id,representative_image_url,reference_url,variant_count,power_kw_values,drive_values
SCRAPED_RONAL_BMF_RESEARCH_ONLY,false,2026-08-03T22:53:31.241Z,BMF Media Information Technology GmbH / ProVis4,https://www.ronal-wheels.com/int/configurator-promo,Audi|E-Tron|K0004484|2019|2022,Audi,Audi,E-Tron,E-Tron,K0004484,E-Tron (GE) 2019 - 2022,SUV,E-Tron,GE,2019,2022,P00044840102334,https://images002.bmf-application.com/optimized/PKW/240x120/AUD129.png,https://www.ronal-wheels.com/int/configurator-promo,2,158,All-wheel drive
SCRAPED_RONAL_BMF_RESEARCH_ONLY,false,2026-08-03T22:53:31.241Z,BMF Media Information Technology GmbH / ProVis4,https://www.ronal-wheels.com/int/configurator-promo,Audi|E-Tron|K0004711|2019|2022,Audi,Audi,E-Tron,E-Tron,K0004711,E-Tron (GE) 2019 - 2022,Sportback,E-Tron,GE,2019,2022,P00047110104763,https://images002.bmf-application.com/optimized/PKW/240x120/AUD160.png,https://www.ronal-wheels.com/int/configurator-promo,2,158,All-wheel drive
SCRAPED_RONAL_BMF_RESEARCH_ONLY,false,2026-08-03T22:53:31.241Z,BMF Media Information Technology GmbH / ProVis4,https://www.ronal-wheels.com/int/configurator-promo,Audi|E-Tron|K0004926|2021|,Audi,Audi,E-Tron,E-Tron,K0004926,E-Tron GT (FW) 2021 - ,Saloon,E-Tron GT,FW,2021,,P00049260107782,https://images002.bmf-application.com/optimized/PKW/240x120/AUD183.png,https://www.ronal-wheels.com/int/configurator-promo,1,140,All-wheel drive
SCRAPED_RONAL_BMF_RESEARCH_ONLY,false,2026-08-03T22:53:31.241Z,BMF Media Information Technology GmbH / ProVis4,https://www.ronal-wheels.com/int/configurator-promo,Audi|E-Tron|K0004844|2020|2022,Audi,Audi,E-Tron,E-Tron,K0004844,E-Tron S (GE) 2020 - 2022,SUV,E-Tron S,GE,2020,2022,P00048440105978,https://images002.bmf-application.com/optimized/PKW/240x120/AUD173.png,https://www.ronal-wheels.com/int/configurator-promo,1,226,All-wheel drive
SCRAPED_RONAL_BMF_RESEARCH_ONLY,false,2026-08-03T22:53:31.241Z,BMF Media Information Technology GmbH / ProVis4,https://www.ronal-wheels.com/int/configurator-promo,Audi|E-Tron|K0004845|2020|2022,Audi,Audi,E-Tron,E-Tron,K0004845,E-Tron S Sportback (GE) 2020 - 2022,Sportback,E-Tron S Sportback,GE,2020,2022,P00048450105977,https://images002.bmf-application.com/optimized/PKW/240x120/AUD174.png,https://www.ronal-wheels.com/int/configurator-promo,1,226,All-wheel drive
SCRAPED_RONAL_BMF_RESEARCH_ONLY,false,2026-08-03T22:53:31.241Z,BMF Media Information Technology GmbH / ProVis4,https://www.ronal-wheels.com/int/configurator-promo,Audi|Q4|K0004959|2021|,Audi,Audi,Q4,Q4,K0004959,Q4 e-tron (FZ) 2021 - ,SUV,Q4 e-tron,FZ,2021,,P00049590108145,https://images002.bmf-application.com/optimized/PKW/240x120/AUD184.png,https://www.ronal-wheels.com/int/configurator-promo,6,70|77|89,All-wheel drive|rear wheel drive
SCRAPED_RONAL_BMF_RESEARCH_ONLY,false,2026-08-03T22:53:31.241Z,BMF Media Information Technology GmbH / ProVis4,https://www.ronal-wheels.com/int/configurator-promo,Audi|Q4|K0004974|2021|,Audi,Audi,Q4,Q4,K0004974,Q4 Sportback e-tron (FZ) 2021 - ,SUV,Q4 Sportback e-tron,FZ,2021,,P00049740108247,https://images002.bmf-application.com/optimized/PKW/240x120/AUD185.png,https://www.ronal-wheels.com/int/configurator-promo,6,70|77|89,All-wheel drive|rear wheel drive
SCRAPED_RONAL_BMF_RESEARCH_ONLY,false,2026-08-03T22:53:31.241Z,BMF Media Information Technology GmbH / ProVis4,https://www.ronal-wheels.com/int/configurator-promo,Audi|Q8|K0005180|2022|2025,Audi,Audi,Q8,Q8,K0005180,Q8 e-tron (GE/Facelift) 2022 - 2025,SUV,Q8 e-tron,GE,2022,2025,P00051800110650,https://images002.bmf-application.com/optimized/PKW/240x120/AUD193.png,https://www.ronal-wheels.com/int/configurator-promo,3,158,All-wheel drive
SCRAPED_RONAL_BMF_RESEARCH_ONLY,false,2026-08-03T22:53:31.241Z,BMF Media Information Technology GmbH / ProVis4,https://www.ronal-wheels.com/int/configurator-promo,Audi|Q8|K0005181|2022|2025,Audi,Audi,Q8,Q8,K0005181,Q8 Sportback e-tron (GE/Facelift) 2022 - 2025,SUV,Q8 Sportback e-tron,GE,2022,2025,P00051810110652,https://images002.bmf-application.com/optimized/PKW/240x120/AUD194.png,https://www.ronal-wheels.com/int/configurator-promo,3,158,All-wheel drive
SCRAPED_RONAL_BMF_RESEARCH_ONLY,false,2026-08-03T22:53:31.241Z,BMF Media Information Technology GmbH / ProVis4,https://www.ronal-wheels.com/int/configurator-promo,Audi|Q8|K0005178|2022|2025,Audi,Audi,Q8,Q8,K0005178,SQ8 e-tron (GE/Facelift) 2022 - 2025,SUV,SQ8 e-tron,GE,2022,2025,P00051780110648,https://images002.bmf-application.com/optimized/PKW/240x120/AUD195.png,https://www.ronal-wheels.com/int/configurator-promo,1,226,All-wheel drive
SCRAPED_RONAL_BMF_RESEARCH_ONLY,false,2026-08-03T22:53:31.241Z,BMF Media Information Technology GmbH / ProVis4,https://www.ronal-wheels.com/int/configurator-promo,Audi|Q8|K0005179|2022|2025,Audi,Audi,Q8,Q8,K0005179,SQ8 Sportback e-tron (GE/Facelift) 2022 - 2025,SUV,SQ8 Sportback e-tron,GE,2022,2025,P00051790110649,https://images002.bmf-application.com/optimized/PKW/240x120/AUD196.png,https://www.ronal-wheels.com/int/configurator-promo,1,226,All-wheel drive
SCRAPED_RONAL_BMF_RESEARCH_ONLY,false,2026-08-03T22:53:31.241Z,BMF Media Information Technology GmbH / ProVis4,https://www.ronal-wheels.com/int/configurator-promo,Audi|RS%20E-Tron|K0004927|2021|,Audi,Audi,RS%20E-Tron,RS E-Tron,K0004927,RS E-Tron (FW) 2021 - ,Saloon,RS E-Tron,FW,2021,,P00049270107783,https://images002.bmf-application.com/optimized/PKW/240x120/AUD182.png,https://www.ronal-wheels.com/int/configurator-promo,1,142,All-wheel drive
SCRAPED_RONAL_BMF_RESEARCH_ONLY,false,2026-08-03T22:53:31.241Z,BMF Media Information Technology GmbH / ProVis4,https://www.ronal-wheels.com/int/configurator-promo,BMW|i4|K0005039|2021|2024,BMW,BMW,i4,i4,K0005039,i4 (G4C) 2021 - 2024,Coupe,i4,G4C,2021,2024,P00050390108991,https://images002.bmf-application.com/optimized/PKW/240x120/BMW141.png,https://www.ronal-wheels.com/int/configurator-promo,2,80|105,rear wheel drive
SCRAPED_RONAL_BMF_RESEARCH_ONLY,false,2026-08-03T22:53:31.241Z,BMF Media Information Technology GmbH / ProVis4,https://www.ronal-wheels.com/int/configurator-promo,BMW|i4|K0005722|2024|,BMW,BMW,i4,i4,K0005722,i4 (G4C/Facelift) 2024 - ,Coupe,i4,G4C,2024,,P00057220126719,https://images002.bmf-application.com/optimized/PKW/240x120/BMW199.png,https://www.ronal-wheels.com/int/configurator-promo,4,80|85|105|125,All-wheel drive|rear wheel drive
SCRAPED_RONAL_BMF_RESEARCH_ONLY,false,2026-08-03T22:53:31.241Z,BMF Media Information Technology GmbH / ProVis4,https://www.ronal-wheels.com/int/configurator-promo,BMW|i4|K0005092|2021|2024,BMW,BMW,i4,i4,K0005092,i4 M (G4C) 2021 - 2024,Coupe,i4 M,G4C,2021,2024,P00050920108992,https://images002.bmf-application.com/optimized/PKW/240x120/BMW144.png,https://www.ronal-wheels.com/int/configurator-promo,1,125,All-wheel drive
SCRAPED_RONAL_BMF_RESEARCH_ONLY,false,2026-08-03T22:53:31.241Z,BMF Media Information Technology GmbH / ProVis4,https://www.ronal-wheels.com/int/configurator-promo,BMW|i4|K0005723|2024|,BMW,BMW,i4,i4,K0005723,i4 M (G4C/Facelift) 2024 - ,Coupe,i4 M,G4C,2024,,P00057230127426,https://images002.bmf-application.com/optimized/PKW/240x120/BMW200.png,https://www.ronal-wheels.com/int/configurator-promo,2,125|145,All-wheel drive
SCRAPED_RONAL_BMF_RESEARCH_ONLY,false,2026-08-03T22:53:31.241Z,BMF Media Information Technology GmbH / ProVis4,https://www.ronal-wheels.com/int/configurator-promo,BMW|i5|K0005291|2023|,BMW,BMW,i5,i5,K0005291,i5 (G6E) 2023 - ,Saloon,i5,G6E,2023,,P00052910111290,https://images002.bmf-application.com/optimized/PKW/240x120/BMW181E.png,https://www.ronal-wheels.com/int/configurator-promo,1,105,rear wheel drive
SCRAPED_RONAL_BMF_RESEARCH_ONLY,false,2026-08-03T22:53:31.241Z,BMF Media Information Technology GmbH / ProVis4,https://www.ronal-wheels.com/int/configurator-promo,BMW|i5|K0005421|2024|,BMW,BMW,i5,i5,K0005421,i5 Touring (G6E) 2024 - ,Estate,i5 Touring,G6E,2024,,P00054210123740,https://images002.bmf-application.com/optimized/PKW/240x120/BMW192I.png,https://www.ronal-wheels.com/int/configurator-promo,2,105|127,All-wheel drive|rear wheel drive
SCRAPED_RONAL_BMF_RESEARCH_ONLY,false,2026-08-03T22:53:31.241Z,BMF Media Information Technology GmbH / ProVis4,https://www.ronal-wheels.com/int/configurator-promo,BMW|i7|K0005147|2022|2026,BMW,BMW,i7,i7,K0005147,i7 (G7L) 2022 - 2026,Saloon,i7,G7L,2022,2026,P00051470110129,https://images002.bmf-application.com/optimized/PKW/240x120/BMW156.png,https://www.ronal-wheels.com/int/configurator-promo,2,125|135,All-wheel drive|rear wheel drive
SCRAPED_RONAL_BMF_RESEARCH_ONLY,false,2026-08-03T22:53:31.241Z,BMF Media Information Technology GmbH / ProVis4,https://www.ronal-wheels.com/int/configurator-promo,BMW|iX|K0004987|2021|2025,BMW,BMW,iX,iX,K0004987,iX (BMWi-N) 2021 - 2025,SUV,iX,BMWi-N,2021,2025,P00049870108465,https://images002.bmf-application.com/optimized/PKW/240x120/BMW140.png,https://www.ronal-wheels.com/int/configurator-promo,2,102|140,All-wheel drive
SCRAPED_RONAL_BMF_RESEARCH_ONLY,false,2026-08-03T22:53:31.241Z,BMF Media Information Technology GmbH / ProVis4,https://www.ronal-wheels.com/int/configurator-promo,BMW|iX|K0005719|2025|,BMW,BMW,iX,iX,K0005719,iX (BMWi-N/Facelift) 2025 - ,SUV,iX,BMWi-N,2025,,P00057190126882,https://images002.bmf-application.com/optimized/PKW/240x120/BMW205.png,https://www.ronal-wheels.com/int/configurator-promo,2,135|150,All-wheel drive
SCRAPED_RONAL_BMF_RESEARCH_ONLY,false,2026-08-03T22:53:31.241Z,BMF Media Information Technology GmbH / ProVis4,https://www.ronal-wheels.com/int/configurator-promo,BMW|iX1|K0005152|2022|,BMW,BMW,iX1,iX1,K0005152,iX1 (U1X) 2022 - ,SUV,iX1,U1X,2022,,P00051520110499,https://images002.bmf-application.com/optimized/PKW/240x120/BMW154.png,https://www.ronal-wheels.com/int/configurator-promo,3,68|94|104,All-wheel drive|front wheel drive 
SCRAPED_RONAL_BMF_RESEARCH_ONLY,false,2026-08-03T22:53:31.241Z,BMF Media Information Technology GmbH / ProVis4,https://www.ronal-wheels.com/int/configurator-promo,BMW|iX2|K0005360|2023|,BMW,BMW,iX2,iX2,K0005360,iX2 (U2X) 2023 - ,SUV,iX2,U2X,2023,,P00053600122203,https://images002.bmf-application.com/optimized/PKW/240x120/BMW184.png,https://www.ronal-wheels.com/int/configurator-promo,2,68|104,All-wheel drive|front wheel drive 
SCRAPED_RONAL_BMF_RESEARCH_ONLY,false,2026-08-03T22:53:31.241Z,BMF Media Information Technology GmbH / ProVis4,https://www.ronal-wheels.com/int/configurator-promo,BMW|iX3|K0004810|2021|2025,BMW,BMW,iX3,iX3,K0004810,iX3 (G3XE) 2021 - 2025,SUV,iX3,G3XE,2021,2025,P00048100106173,https://images002.bmf-application.com/optimized/PKW/240x120/BMW129.png,https://www.ronal-wheels.com/int/configurator-promo,1,80,rear wheel drive
SCRAPED_RONAL_BMF_RESEARCH_ONLY,false,2026-08-03T22:53:31.241Z,BMF Media Information Technology GmbH / ProVis4,https://www.ronal-wheels.com/int/configurator-promo,BYD|Atto%202|K0005613|2025|,BYD,BYD,Atto%202,Atto 2,K0005613,Atto 2 (SC3E) 2025 - ,SUV,Atto 2,SC3E,2025,,P00056130126609,https://images002.bmf-application.com/optimized/PKW/240x120/BYD005.png,https://www.ronal-wheels.com/int/configurator-promo,1,65,front wheel drive 
SCRAPED_RONAL_BMF_RESEARCH_ONLY,false,2026-08-03T22:53:31.241Z,BMF Media Information Technology GmbH / ProVis4,https://www.ronal-wheels.com/int/configurator-promo,BYD|Atto%203|K0005185|2022|,BYD,BYD,Atto%203,Atto 3,K0005185,Atto 3 (SC2E) 2022 - ,SUV,Atto 3,SC2E,2022,,P00051850110671,https://images002.bmf-application.com/optimized/PKW/240x120/BYD001.png,https://www.ronal-wheels.com/int/configurator-promo,1,65,front wheel drive 
SCRAPED_RONAL_BMF_RESEARCH_ONLY,false,2026-08-03T22:53:31.241Z,BMF Media Information Technology GmbH / ProVis4,https://www.ronal-wheels.com/int/configurator-promo,BYD|Dolphin|K0005316|2023|,BYD,BYD,Dolphin,Dolphin,K0005316,Dolphin (EM2E-1) 2023 - ,Saloon,Dolphin,EM2E-1,2023,,P00053160111610,https://images002.bmf-application.com/optimized/PKW/240x120/BYD008.png,https://www.ronal-wheels.com/int/configurator-promo,2,35|65,front wheel drive 
SCRAPED_RONAL_BMF_RESEARCH_ONLY,false,2026-08-03T22:53:31.241Z,BMF Media Information Technology GmbH / ProVis4,https://www.ronal-wheels.com/int/configurator-promo,BYD|Seal|K0005318|2023|,BYD,BYD,Seal,Seal,K0005318,Seal (EKE) 2023 - ,Saloon,Seal,EKE,2023,,P00053180111613,https://images002.bmf-application.com/optimized/PKW/240x120/BYD004.png,https://www.ronal-wheels.com/int/configurator-promo,2,70|145,All-wheel drive|front wheel drive 
SCRAPED_RONAL_BMF_RESEARCH_ONLY,false,2026-08-03T22:53:31.241Z,BMF Media Information Technology GmbH / ProVis4,https://www.ronal-wheels.com/int/configurator-promo,BYD|Sealion%207|K0005579|2024|,BYD,BYD,Sealion%207,Sealion 7,K0005579,Sealion 7 (UK) 2024 - ,SUV,Sealion 7,UK,2024,,P00055790126354,https://images002.bmf-application.com/optimized/PKW/240x120/BYD006.png,https://www.ronal-wheels.com/int/configurator-promo,1,70,rear wheel drive
SCRAPED_RONAL_BMF_RESEARCH_ONLY,false,2026-08-03T22:53:31.241Z,BMF Media Information Technology GmbH / ProVis4,https://www.ronal-wheels.com/int/configurator-promo,Citroën|Berlingo|K0004390|2018|2024,Citroën,Citroën,Berlingo,Berlingo,K0004390,Berlingo (E) 2018 - 2024,Small Delivery Truck,Berlingo,E,2018,2024,P00043900108444,https://images002.bmf-application.com/optimized/PKW/240x120/CITRO020.png,https://www.ronal-wheels.com/int/configurator-promo,1,57,front wheel drive 
SCRAPED_RONAL_BMF_RESEARCH_ONLY,false,2026-08-03T22:53:31.241Z,BMF Media Information Technology GmbH / ProVis4,https://www.ronal-wheels.com/int/configurator-promo,Citroën|Berlingo|K0005822|2024|,Citroën,Citroën,Berlingo,Berlingo,K0005822,Berlingo (E/Facelift) 2024 - ,Small Delivery Truck,Berlingo,E,2024,,P00058220122425,https://images002.bmf-application.com/optimized/PKW/240x120/CITRO043.png,https://www.ronal-wheels.com/int/configurator-promo,2,57|62,front wheel drive 
SCRAPED_RONAL_BMF_RESEARCH_ONLY,false,2026-08-03T22:53:31.241Z,BMF Media Information Technology GmbH / ProVis4,https://www.ronal-wheels.com/int/configurator-promo,Citroën|C4|K0004834|2020|,Citroën,Citroën,C4,C4,K0004834,C4 (B) 2020 - ,Hatchback,C4,B,2020,,P00048340106826,https://images002.bmf-application.com/optimized/PKW/240x120/CITRO025.png,https://www.ronal-wheels.com/int/configurator-promo,2,57|62,front wheel drive 
SCRAPED_RONAL_BMF_RESEARCH_ONLY,false,2026-08-03T22:53:31.241Z,BMF Media Information Technology GmbH / ProVis4,https://www.ronal-wheels.com/int/configurator-promo,Citroën|Jumper|K0004295|2014|,Citroën,Citroën,Jumper,Jumper,K0004295,Jumper (Y.../Facelift) 2014 - ,Transporter,Jumper,Y...,2014,,P00042950122629,https://images002.bmf-application.com/optimized/PKW/240x120/CIJUM14.png,https://www.ronal-wheels.com/int/configurator-promo,1,85,front wheel drive 
SCRAPED_RONAL_BMF_RESEARCH_ONLY,false,2026-08-03T22:53:31.241Z,BMF Media Information Technology GmbH / ProVis4,https://www.ronal-wheels.com/int/configurator-promo,Citroën|Jumpy|K0005238|2020|,Citroën,Citroën,Jumpy,Jumpy,K0005238,e-Jumpy 3 (V) 2020 - ,Van,e-Jumpy 3,V,2020,,P00052380106012,https://images002.bmf-application.com/optimized/PKW/240x120/CITRO037.png,https://www.ronal-wheels.com/int/configurator-promo,2,57|62,front wheel drive 
SCRAPED_RONAL_BMF_RESEARCH_ONLY,false,2026-08-03T22:53:31.241Z,BMF Media Information Technology GmbH / ProVis4,https://www.ronal-wheels.com/int/configurator-promo,Citroën|SpaceTourer|K0005143|2020|2024,Citroën,Citroën,SpaceTourer,SpaceTourer,K0005143,e-SpaceTourer (V) 2020 - 2024,Van,e-SpaceTourer,V,2020,2024,P00051430106014,https://images002.bmf-application.com/optimized/PKW/240x120/CITRO034.png,https://www.ronal-wheels.com/int/configurator-promo,1,57,front wheel drive 
SCRAPED_RONAL_BMF_RESEARCH_ONLY,false,2026-08-03T22:53:31.241Z,BMF Media Information Technology GmbH / ProVis4,https://www.ronal-wheels.com/int/configurator-promo,Citroën|SpaceTourer|K0005724|2024|,Citroën,Citroën,SpaceTourer,SpaceTourer,K0005724,e-SpaceTourer (V/Facelift) 2024 - ,Van,e-SpaceTourer,V,2024,,P00057240123852,https://images002.bmf-application.com/optimized/PKW/240x120/CITRO042.png,https://www.ronal-wheels.com/int/configurator-promo,1,62,front wheel drive 
SCRAPED_RONAL_BMF_RESEARCH_ONLY,false,2026-08-03T22:53:31.241Z,BMF Media Information Technology GmbH / ProVis4,https://www.ronal-wheels.com/int/configurator-promo,Cupra|Born|K0005020|2021|,Cupra,Cupra,Born,Born,K0005020,Born (K1) 2021 - ,Hatchback,Born,K1,2021,,P00050200108661,https://images002.bmf-application.com/optimized/PKW/240x120/SEAT032.png,https://www.ronal-wheels.com/int/configurator-promo,13,70|89,rear wheel drive
SCRAPED_RONAL_BMF_RESEARCH_ONLY,false,2026-08-03T22:53:31.241Z,BMF Media Information Technology GmbH / ProVis4,https://www.ronal-wheels.com/int/configurator-promo,Cupra|Tavascan|K0005457|2024|,Cupra,Cupra,Tavascan,Tavascan,K0005457,Tavascan (KR) 2024 - ,SUV,Tavascan,KR,2024,,P00054570124173,https://images002.bmf-application.com/optimized/PKW/240x120/CUP001.png,https://www.ronal-wheels.com/int/configurator-promo,2,77|89,All-wheel drive|rear wheel drive
SCRAPED_RONAL_BMF_RESEARCH_ONLY,false,2026-08-03T22:53:31.241Z,BMF Media Information Technology GmbH / ProVis4,https://www.ronal-wheels.com/int/configurator-promo,Dacia|Spring|K0004864|2020|,Dacia,Dacia,Spring,Spring,K0004864,Spring (DBG) 2020 - ,SUV,Spring,DBG,2020,,P00048640107513,https://images002.bmf-application.com/optimized/PKW/240x120/DAC016.png,https://www.ronal-wheels.com/int/configurator-promo,2,19|30,front wheel drive 
SCRAPED_RONAL_BMF_RESEARCH_ONLY,false,2026-08-03T22:53:31.241Z,BMF Media Information Technology GmbH / ProVis4,https://www.ronal-wheels.com/int/configurator-promo,DS|No%208|K0005614|2025|,DS,DS,No%208,No 8,K0005614,No 8 (K) 2025 - ,SUV,No 8,K,2025,,P00056140126611,https://images002.bmf-application.com/optimized/PKW/240x120/DS001.png,https://www.ronal-wheels.com/int/configurator-promo,2,104|105,front wheel drive 
SCRAPED_RONAL_BMF_RESEARCH_ONLY,false,2026-08-03T22:53:31.241Z,BMF Media Information Technology GmbH / ProVis4,https://www.ronal-wheels.com/int/configurator-promo,Fiat|500|K0004817|2020|,Fiat,Fiat,500,500,K0004817,500e (FA1) 2020 - ,Saloon,500e,FA1,2020,,P00048170106229,https://images002.bmf-application.com/optimized/PKW/240x120/FIAT017.png,https://www.ronal-wheels.com/int/configurator-promo,1,43,front wheel drive 
SCRAPED_RONAL_BMF_RESEARCH_ONLY,false,2026-08-03T22:53:31.241Z,BMF Media Information Technology GmbH / ProVis4,https://www.ronal-wheels.com/int/configurator-promo,Fiat|500|K0004823|2020|,Fiat,Fiat,500,500,K0004823,500e (FA1) 2020 - ,Convertible,500e,FA1,2020,,P00048230106715,https://images002.bmf-application.com/optimized/PKW/240x120/FIAT018.png,https://www.ronal-wheels.com/int/configurator-promo,1,43,front wheel drive 
SCRAPED_RONAL_BMF_RESEARCH_ONLY,false,2026-08-03T22:53:31.241Z,BMF Media Information Technology GmbH / ProVis4,https://www.ronal-wheels.com/int/configurator-promo,Fiat|500|K0005278|2024|,Fiat,Fiat,500,500,K0005278,500e Abarth (FA1) 2024 - ,Saloon,500e Abarth,FA1,2024,,P00052780124486,https://images002.bmf-application.com/optimized/PKW/240x120/FIAT030.png,https://www.ronal-wheels.com/int/configurator-promo,1,47,front wheel drive 
SCRAPED_RONAL_BMF_RESEARCH_ONLY,false,2026-08-03T22:53:31.241Z,BMF Media Information Technology GmbH / ProVis4,https://www.ronal-wheels.com/int/configurator-promo,Fiat|Doblo|K0005155|2022|,Fiat,Fiat,Doblo,Doblo,K0005155,e-Doblo (E) 2022 - ,Estate,e-Doblo,E,2022,,P00051550110513,https://images002.bmf-application.com/optimized/PKW/240x120/FIAT027.png,https://www.ronal-wheels.com/int/configurator-promo,4,57|62,front wheel drive 
SCRAPED_RONAL_BMF_RESEARCH_ONLY,false,2026-08-03T22:53:31.241Z,BMF Media Information Technology GmbH / ProVis4,https://www.ronal-wheels.com/int/configurator-promo,Fiat|Ducato|K0005033|2021|,Fiat,Fiat,Ducato,Ducato,K0005033,Ducato (250/Facelift) 2021 - ,Transporter,Ducato,250,2021,,P00050330122427,https://images002.bmf-application.com/optimized/PKW/240x120/FIAT023.png,https://www.ronal-wheels.com/int/configurator-promo,1,85,front wheel drive 
SCRAPED_RONAL_BMF_RESEARCH_ONLY,false,2026-08-03T22:53:31.241Z,BMF Media Information Technology GmbH / ProVis4,https://www.ronal-wheels.com/int/configurator-promo,Fiat|Scudo|K0005200|2022|,Fiat,Fiat,Scudo,Scudo,K0005200,eScudo (V) 2022 - ,Transporter,eScudo,V,2022,,P00052000109899,https://images002.bmf-application.com/optimized/PKW/240x120/FIAT025E.png,https://www.ronal-wheels.com/int/configurator-promo,5,57|62,front wheel drive 
SCRAPED_RONAL_BMF_RESEARCH_ONLY,false,2026-08-03T22:53:31.241Z,BMF Media Information Technology GmbH / ProVis4,https://www.ronal-wheels.com/int/configurator-promo,Fiat|Ulysse|K0005201|2022|,Fiat,Fiat,Ulysse,Ulysse,K0005201,eUlysse (V) 2022 - ,Van,eUlysse,V,2022,,P00052010109908,https://images002.bmf-application.com/optimized/PKW/240x120/FIAT024E.png,https://www.ronal-wheels.com/int/configurator-promo,4,57|62,front wheel drive 
SCRAPED_RONAL_BMF_RESEARCH_ONLY,false,2026-08-03T22:53:31.241Z,BMF Media Information Technology GmbH / ProVis4,https://www.ronal-wheels.com/int/configurator-promo,Ford|Explorer|K0005493|2024|,Ford,Ford,Explorer,Explorer,K0005493,Explorer (DRP) 2024 - ,Offroad,Explorer,DRP,2024,,P00054930124494,https://images002.bmf-application.com/optimized/PKW/240x120/FORD077.png,https://www.ronal-wheels.com/int/configurator-promo,3,70|89,All-wheel drive|rear wheel drive
SCRAPED_RONAL_BMF_RESEARCH_ONLY,false,2026-08-03T22:53:31.241Z,BMF Media Information Technology GmbH / ProVis4,https://www.ronal-wheels.com/int/configurator-promo,Ford|Mustang|K0005590|2021|,Ford,Ford,Mustang,Mustang,K0005590,Mustang Mach-E (Typ LSBK) (LSBK) 2021 - ,SUV,Mustang Mach-E (Typ LSBK),LSBK,2021,,P00055900126403,https://images002.bmf-application.com/optimized/PKW/240x120/FORD051T.png,https://www.ronal-wheels.com/int/configurator-promo,4,92|100|124|140,All-wheel drive|rear wheel drive
SCRAPED_RONAL_BMF_RESEARCH_ONLY,false,2026-08-03T22:53:31.241Z,BMF Media Information Technology GmbH / ProVis4,https://www.ronal-wheels.com/int/configurator-promo,Ford|Mustang|K0004877|2021|,Ford,Ford,Mustang,Mustang,K0004877,Mustang Mach-E (Typ LSK) (LSK) 2021 - ,SUV,Mustang Mach-E (Typ LSK),LSK,2021,,P00048770107264,https://images002.bmf-application.com/optimized/PKW/240x120/FORD051.png,https://www.ronal-wheels.com/int/configurator-promo,7,92|100|124|130|140|154|176,All-wheel drive|rear wheel drive
SCRAPED_RONAL_BMF_RESEARCH_ONLY,false,2026-08-03T22:53:31.241Z,BMF Media Information Technology GmbH / ProVis4,https://www.ronal-wheels.com/int/configurator-promo,Ford|Mustang|K0005589|2021|,Ford,Ford,Mustang,Mustang,K0005589,Mustang Mach-E GT (Typ LSBK) (LSBK) 2021 - ,SUV,Mustang Mach-E GT (Typ LSBK),LSBK,2021,,P00055890126402,https://images002.bmf-application.com/optimized/PKW/240x120/FORD054T.png,https://www.ronal-wheels.com/int/configurator-promo,1,200,All-wheel drive
SCRAPED_RONAL_BMF_RESEARCH_ONLY,false,2026-08-03T22:53:31.241Z,BMF Media Information Technology GmbH / ProVis4,https://www.ronal-wheels.com/int/configurator-promo,Ford|Mustang|K0005064|2021|,Ford,Ford,Mustang,Mustang,K0005064,Mustang Mach-E GT (Typ LSK) (LSK) 2021 - ,SUV,Mustang Mach-E GT (Typ LSK),LSK,2021,,P00050640108635,https://images002.bmf-application.com/optimized/PKW/240x120/FORD054.png,https://www.ronal-wheels.com/int/configurator-promo,1,200,All-wheel drive
SCRAPED_RONAL_BMF_RESEARCH_ONLY,false,2026-08-03T22:53:31.241Z,BMF Media Information Technology GmbH / ProVis4,https://www.ronal-wheels.com/int/configurator-promo,Ford|Transit_2fTourneo|K0003670|2014|2024,Ford,Ford,Transit_2fTourneo,Transit/Tourneo,K0003670,Transit (FCD) 2014 - 2024,Transporter,Transit,FCD,2014,2024,P00036700109877,https://images002.bmf-application.com/optimized/PKW/240x120/FORD078.png,https://www.ronal-wheels.com/int/configurator-promo,3,100,front wheel drive 
SCRAPED_RONAL_BMF_RESEARCH_ONLY,false,2026-08-03T22:53:31.241Z,BMF Media Information Technology GmbH / ProVis4,https://www.ronal-wheels.com/int/configurator-promo,Genesis|GV60|K0005057|2021|,Genesis,Genesis,GV60,GV60,K0005057,Genesis GV60 (JW) 2021 - ,SUV,Genesis GV60,JW,2021,,P00050570109210,https://images002.bmf-application.com/optimized/PKW/240x120/HYUN053.png,https://www.ronal-wheels.com/int/configurator-promo,1,78,All-wheel drive
SCRAPED_RONAL_BMF_RESEARCH_ONLY,false,2026-08-03T22:53:31.241Z,BMF Media Information Technology GmbH / ProVis4,https://www.ronal-wheels.com/int/configurator-promo,GWM|Ora%2007|K0005424|2024|,GWM,GWM,Ora%2007,Ora 07,K0005424,Ora 07 (EC24) 2024 - ,Saloon,Ora 07,EC24,2024,,P00054240123745,https://images002.bmf-application.com/optimized/PKW/240x120/GWM003.png,https://www.ronal-wheels.com/int/configurator-promo,2,66,All-wheel drive|front wheel drive 
SCRAPED_RONAL_BMF_RESEARCH_ONLY,false,2026-08-03T22:53:31.241Z,BMF Media Information Technology GmbH / ProVis4,https://www.ronal-wheels.com/int/configurator-promo,GWM|Ora%20Funky%20Cat|K0005232|2023|,GWM,GWM,Ora%20Funky%20Cat,Ora Funky Cat,K0005232,Ora Funky Cat (ES11) 2023 - ,Hatchback,Ora Funky Cat,ES11,2023,,P00052320110987,https://images002.bmf-application.com/optimized/PKW/240x120/GWM001.png,https://www.ronal-wheels.com/int/configurator-promo,2,60,front wheel drive 
SCRAPED_RONAL_BMF_RESEARCH_ONLY,false,2026-08-03T22:53:31.241Z,BMF Media Information Technology GmbH / ProVis4,https://www.ronal-wheels.com/int/configurator-promo,Honda|Honda%20e|K0004743|2020|,Honda,Honda,Honda%20e,Honda e,K0004743,Honda e (ZC) 2020 - ,Hatchback,Honda e,ZC,2020,,P00047430105318,https://images002.bmf-application.com/optimized/PKW/240x120/HONDA010.png,https://www.ronal-wheels.com/int/configurator-promo,1,60,rear wheel drive
SCRAPED_RONAL_BMF_RESEARCH_ONLY,false,2026-08-03T22:53:31.241Z,BMF Media Information Technology GmbH / ProVis4,https://www.ronal-wheels.com/int/configurator-promo,Hyundai|Inster|K0005612|2025|,Hyundai,Hyundai,Inster,Inster,K0005612,Inster (AX1) 2025 - ,SUV,Inster,AX1,2025,,P00056120126592,https://images002.bmf-application.com/optimized/PKW/240x120/HYUN068.png,https://www.ronal-wheels.com/int/configurator-promo,2,24|28,front wheel drive 
SCRAPED_RONAL_BMF_RESEARCH_ONLY,false,2026-08-03T22:53:31.241Z,BMF Media Information Technology GmbH / ProVis4,https://www.ronal-wheels.com/int/configurator-promo,Hyundai|Ioniq|K0004087|2016|2019,Hyundai,Hyundai,Ioniq,Ioniq,K0004087,Ioniq (AE) 2016 - 2019,Hatchback,Ioniq,AE,2016,2019,P00040870096214,https://images002.bmf-application.com/optimized/PKW/240x120/HYUN009.png,https://www.ronal-wheels.com/int/configurator-promo,1,25,front wheel drive 
SCRAPED_RONAL_BMF_RESEARCH_ONLY,false,2026-08-03T22:53:31.241Z,BMF Media Information Technology GmbH / ProVis4,https://www.ronal-wheels.com/int/configurator-promo,Hyundai|Ioniq|K0004947|2021|2024,Hyundai,Hyundai,Ioniq,Ioniq,K0004947,Ioniq 5 (NE) 2021 - 2024,SUV,Ioniq 5,NE,2021,2024,P00049470108017,https://images002.bmf-application.com/optimized/PKW/240x120/HYUN041.png,https://www.ronal-wheels.com/int/configurator-promo,6,42|53|56|60|76|81,All-wheel drive|rear wheel drive
SCRAPED_RONAL_BMF_RESEARCH_ONLY,false,2026-08-03T22:53:31.241Z,BMF Media Information Technology GmbH / ProVis4,https://www.ronal-wheels.com/int/configurator-promo,Hyundai|Ioniq|K0005798|2024|,Hyundai,Hyundai,Ioniq,Ioniq,K0005798,Ioniq 5 (NE/Facelift) 2024 - ,SUV,Ioniq 5,NE,2024,,P00057980128384,https://images002.bmf-application.com/optimized/PKW/240x120/HYUN072.png,https://www.ronal-wheels.com/int/configurator-promo,4,42|53|56|81,All-wheel drive|rear wheel drive
SCRAPED_RONAL_BMF_RESEARCH_ONLY,false,2026-08-03T22:53:31.241Z,BMF Media Information Technology GmbH / ProVis4,https://www.ronal-wheels.com/int/configurator-promo,Hyundai|Ioniq|K0005396|2024|,Hyundai,Hyundai,Ioniq,Ioniq,K0005396,Ioniq 5 N (NE) 2024 - ,SUV,Ioniq 5 N,NE,2024,,P00053960122421,https://images002.bmf-application.com/optimized/PKW/240x120/HYUN060.png,https://www.ronal-wheels.com/int/configurator-promo,1,159,All-wheel drive
SCRAPED_RONAL_BMF_RESEARCH_ONLY,false,2026-08-03T22:53:31.241Z,BMF Media Information Technology GmbH / ProVis4,https://www.ronal-wheels.com/int/configurator-promo,Hyundai|Ioniq|K0005135|2022|,Hyundai,Hyundai,Ioniq,Ioniq,K0005135,Ioniq 6 (CE) 2022 - ,Saloon,Ioniq 6,CE,2022,,P00051350110299,https://images002.bmf-application.com/optimized/PKW/240x120/HYUN055.png,https://www.ronal-wheels.com/int/configurator-promo,5,37|42|53|56|81,front wheel drive 
SCRAPED_RONAL_BMF_RESEARCH_ONLY,false,2026-08-03T22:53:31.241Z,BMF Media Information Technology GmbH / ProVis4,https://www.ronal-wheels.com/int/configurator-promo,Hyundai|Kona|K0004473|2018|2021,Hyundai,Hyundai,Kona,Kona,K0004473,Kona Electric (OS) 2018 - 2021,SUV,Kona Electric,OS,2018,2021,P00044730100872,https://images002.bmf-application.com/optimized/PKW/240x120/HYUN023.png,https://www.ronal-wheels.com/int/configurator-promo,2,26|28,front wheel drive 
SCRAPED_RONAL_BMF_RESEARCH_ONLY,false,2026-08-03T22:53:31.241Z,BMF Media Information Technology GmbH / ProVis4,https://www.ronal-wheels.com/int/configurator-promo,Hyundai|Kona|K0004957|2021|2023,Hyundai,Hyundai,Kona,Kona,K0004957,Kona Electric (OS/Facelift) 2021 - 2023,SUV,Kona Electric,OS,2021,2023,P00049570108141,https://images002.bmf-application.com/optimized/PKW/240x120/HYUN040.png,https://www.ronal-wheels.com/int/configurator-promo,2,26|28,front wheel drive 
SCRAPED_RONAL_BMF_RESEARCH_ONLY,false,2026-08-03T22:53:31.241Z,BMF Media Information Technology GmbH / ProVis4,https://www.ronal-wheels.com/int/configurator-promo,Hyundai|Kona|K0005394|2023|,Hyundai,Hyundai,Kona,Kona,K0005394,Kona Electric (SX2) 2023 - ,SUV,Kona Electric,SX2,2023,,P00053940111599,https://images002.bmf-application.com/optimized/PKW/240x120/HYUN059.png,https://www.ronal-wheels.com/int/configurator-promo,4,33|38|50|53,front wheel drive 
SCRAPED_RONAL_BMF_RESEARCH_ONLY,false,2026-08-03T22:53:31.241Z,BMF Media Information Technology GmbH / ProVis4,https://www.ronal-wheels.com/int/configurator-promo,Jaguar|I-Pace|K0004393|2018|2022,Jaguar,Jaguar,I-Pace,I-Pace,K0004393,I-Pace (DH (X590)) 2018 - 2022,SUV,I-Pace,DH (X590),2018,2022,P00043930100788,https://images002.bmf-application.com/optimized/PKW/240x120/JAGU009.png,https://www.ronal-wheels.com/int/configurator-promo,1,172,All-wheel drive
SCRAPED_RONAL_BMF_RESEARCH_ONLY,false,2026-08-03T22:53:31.241Z,BMF Media Information Technology GmbH / ProVis4,https://www.ronal-wheels.com/int/configurator-promo,Jeep|Avenger|K0005204|2023|,Jeep,Jeep,Avenger,Avenger,K0005204,Avenger (FH1) 2023 - ,SUV,Avenger,FH1,2023,,P00052040111104,https://images002.bmf-application.com/optimized/PKW/240x120/JEEP009.png,https://www.ronal-wheels.com/int/configurator-promo,1,62,front wheel drive 
SCRAPED_RONAL_BMF_RESEARCH_ONLY,false,2026-08-03T22:53:31.241Z,BMF Media Information Technology GmbH / ProVis4,https://www.ronal-wheels.com/int/configurator-promo,Kia|EV3|K0005557|2024|,Kia,Kia,EV3,EV3,K0005557,EV3 (SV1) 2024 - ,SUV,EV3,SV1,2024,,P00055570126143,https://images002.bmf-application.com/optimized/PKW/240x120/KIA046.png,https://www.ronal-wheels.com/int/configurator-promo,1,50,front wheel drive 
SCRAPED_RONAL_BMF_RESEARCH_ONLY,false,2026-08-03T22:53:31.241Z,BMF Media Information Technology GmbH / ProVis4,https://www.ronal-wheels.com/int/configurator-promo,Kia|EV4|K0005728|2025|,Kia,Kia,EV4,EV4,K0005728,EV4 (SZ1E) 2025 - ,Hatchback,EV4,SZ1E,2025,,P00057280127853,https://images002.bmf-application.com/optimized/PKW/240x120/KIA051.png,https://www.ronal-wheels.com/int/configurator-promo,1,50,front wheel drive 
SCRAPED_RONAL_BMF_RESEARCH_ONLY,false,2026-08-03T22:53:31.241Z,BMF Media Information Technology GmbH / ProVis4,https://www.ronal-wheels.com/int/configurator-promo,Kia|EV4|K0005701|2025|,Kia,Kia,EV4,EV4,K0005701,EV4 Fastback (CT1) 2025 - ,Notchback,EV4 Fastback,CT1,2025,,P00057010127639,https://images002.bmf-application.com/optimized/PKW/240x120/KIA050.png,https://www.ronal-wheels.com/int/configurator-promo,1,50,front wheel drive 
SCRAPED_RONAL_BMF_RESEARCH_ONLY,false,2026-08-03T22:53:31.241Z,BMF Media Information Technology GmbH / ProVis4,https://www.ronal-wheels.com/int/configurator-promo,Kia|EV5|K0005729|2025|,Kia,Kia,EV5,EV5,K0005729,EV5 (OV1) 2025 - ,SUV,EV5,OV1,2025,,P00057290127856,https://images002.bmf-application.com/optimized/PKW/240x120/KIA052.png,https://www.ronal-wheels.com/int/configurator-promo,2,53|65,All-wheel drive|front wheel drive 
SCRAPED_RONAL_BMF_RESEARCH_ONLY,false,2026-08-03T22:53:31.241Z,BMF Media Information Technology GmbH / ProVis4,https://www.ronal-wheels.com/int/configurator-promo,Kia|EV6|K0005004|2021|,Kia,Kia,EV6,EV6,K0005004,EV6 (CV) 2021 - ,SUV,EV6,CV,2021,,P00050040108544,https://images002.bmf-application.com/optimized/PKW/240x120/KIA037.png,https://www.ronal-wheels.com/int/configurator-promo,4,42|56|60|81,All-wheel drive|rear wheel drive
SCRAPED_RONAL_BMF_RESEARCH_ONLY,false,2026-08-03T22:53:31.241Z,BMF Media Information Technology GmbH / ProVis4,https://www.ronal-wheels.com/int/configurator-promo,Kia|EV6|K0005148|2022|,Kia,Kia,EV6,EV6,K0005148,EV6 GT (CV) 2022 - ,SUV,EV6 GT,CV,2022,,P00051480109513,https://images002.bmf-application.com/optimized/PKW/240x120/KIA044.png,https://www.ronal-wheels.com/int/configurator-promo,1,143,All-wheel drive
SCRAPED_RONAL_BMF_RESEARCH_ONLY,false,2026-08-03T22:53:31.241Z,BMF Media Information Technology GmbH / ProVis4,https://www.ronal-wheels.com/int/configurator-promo,Kia|EV9|K0005357|2023|,Kia,Kia,EV9,EV9,K0005357,EV9 (MV1) 2023 - ,SUV,EV9,MV1,2023,,P00053570122174,https://images002.bmf-application.com/optimized/PKW/240x120/KIA045.png,https://www.ronal-wheels.com/int/configurator-promo,3,53|100|113,All-wheel drive|rear wheel drive
SCRAPED_RONAL_BMF_RESEARCH_ONLY,false,2026-08-03T22:53:31.241Z,BMF Media Information Technology GmbH / ProVis4,https://www.ronal-wheels.com/int/configurator-promo,Kia|Niro|K0004680|2018|2022,Kia,Kia,Niro,Niro,K0004680,e-Niro (DE) 2018 - 2022,SUV,e-Niro,DE,2018,2022,P00046800101936,https://images002.bmf-application.com/optimized/PKW/240x120/KIA031.png,https://www.ronal-wheels.com/int/configurator-promo,2,27|29,front wheel drive 
SCRAPED_RONAL_BMF_RESEARCH_ONLY,false,2026-08-03T22:53:31.241Z,BMF Media Information Technology GmbH / ProVis4,https://www.ronal-wheels.com/int/configurator-promo,Kia|Soul|K0004578|2019|,Kia,Kia,Soul,Soul,K0004578,Soul (SK3) 2019 - ,SUV,Soul,SK3,2019,,P00045780102693,https://images002.bmf-application.com/optimized/PKW/240x120/KIA032.png,https://www.ronal-wheels.com/int/configurator-promo,2,27|29,front wheel drive 
SCRAPED_RONAL_BMF_RESEARCH_ONLY,false,2026-08-03T22:53:31.241Z,BMF Media Information Technology GmbH / ProVis4,https://www.ronal-wheels.com/int/configurator-promo,MAN|TGE|K0004229|2017|,MAN,MAN,TGE,TGE,K0004229,TGE (SYN../SZN..) 2017 - ,Transporter,TGE,SYN../SZN..,2017,,P00042290101579,noimage.png,https://www.ronal-wheels.com/int/configurator-promo,1,100,front wheel drive 
SCRAPED_RONAL_BMF_RESEARCH_ONLY,false,2026-08-03T22:53:31.241Z,BMF Media Information Technology GmbH / ProVis4,https://www.ronal-wheels.com/int/configurator-promo,Maxus|Mifa%209|K0005206|2023|,Maxus,Maxus,Mifa%209,Mifa 9,K0005206,Mifa 9 (EPX1A) 2023 - ,SUV,Mifa 9,EPX1A,2023,,P00052060110744,noimage.png,https://www.ronal-wheels.com/int/configurator-promo,1,90,rear wheel drive
SCRAPED_RONAL_BMF_RESEARCH_ONLY,false,2026-08-03T22:53:31.241Z,BMF Media Information Technology GmbH / ProVis4,https://www.ronal-wheels.com/int/configurator-promo,Mazda|6|K0003883|2015|2018,Mazda,Mazda,6,6,K0003883,6 Sportwagon (GH/GJ/Facelift) 2015 - 2018,Estate,6 Sportwagon,GH/GJ,2015,2018,P00038830089732,https://images002.bmf-application.com/optimized/PKW/240x120/MAZDA08.png,https://www.ronal-wheels.com/int/configurator-promo,1,129,All-wheel drive
SCRAPED_RONAL_BMF_RESEARCH_ONLY,false,2026-08-03T22:53:31.241Z,BMF Media Information Technology GmbH / ProVis4,https://www.ronal-wheels.com/int/configurator-promo,Mazda|6|K0005669|2025|,Mazda,Mazda,6,6,K0005669,6e (GN) 2025 - ,Notchback,6e,GN,2025,,P00056690127208,https://images002.bmf-application.com/optimized/PKW/240x120/MAZDA031.png,https://www.ronal-wheels.com/int/configurator-promo,1,60,rear wheel drive
SCRAPED_RONAL_BMF_RESEARCH_ONLY,false,2026-08-03T22:53:31.241Z,BMF Media Information Technology GmbH / ProVis4,https://www.ronal-wheels.com/int/configurator-promo,Mazda|MX-30|K0004790|2020|,Mazda,Mazda,MX-30,MX-30,K0004790,MX-30 (DR) 2020 - ,SUV,MX-30,DR,2020,,P00047900105886,https://images002.bmf-application.com/optimized/PKW/240x120/MAZDA021.png,https://www.ronal-wheels.com/int/configurator-promo,1,81,front wheel drive 
SCRAPED_RONAL_BMF_RESEARCH_ONLY,false,2026-08-03T22:53:31.241Z,BMF Media Information Technology GmbH / ProVis4,https://www.ronal-wheels.com/int/configurator-promo,MCC Smart|_231|K0005149|2022|,MCC Smart,MCC Smart,_231,#1,K0005149,#1 (HX11) 2022 - ,SUV,#1,HX11,2022,,P00051490110642,https://images002.bmf-application.com/optimized/PKW/240x120/SMART008.png,https://www.ronal-wheels.com/int/configurator-promo,2,75|116,All-wheel drive|rear wheel drive
SCRAPED_RONAL_BMF_RESEARCH_ONLY,false,2026-08-03T22:53:31.241Z,BMF Media Information Technology GmbH / ProVis4,https://www.ronal-wheels.com/int/configurator-promo,MCC Smart|_233|K0005307|2023|,MCC Smart,MCC Smart,_233,#3,K0005307,#3 (HC11) 2023 - ,SUV,#3,HC11,2023,,P00053070111449,https://images002.bmf-application.com/optimized/PKW/240x120/SMART009.png,https://www.ronal-wheels.com/int/configurator-promo,2,75|116,All-wheel drive|rear wheel drive
SCRAPED_RONAL_BMF_RESEARCH_ONLY,false,2026-08-03T22:53:31.241Z,BMF Media Information Technology GmbH / ProVis4,https://www.ronal-wheels.com/int/configurator-promo,MCC Smart|_235|K0005631|2025|,MCC Smart,MCC Smart,_235,#5,K0005631,#5 (HY11) 2025 - ,SUV,#5,HY11,2025,,P00056310126720,https://images002.bmf-application.com/optimized/PKW/240x120/SMART010.png,https://www.ronal-wheels.com/int/configurator-promo,4,78|85|122|140,All-wheel drive|rear wheel drive
SCRAPED_RONAL_BMF_RESEARCH_ONLY,false,2026-08-03T22:53:31.241Z,BMF Media Information Technology GmbH / ProVis4,https://www.ronal-wheels.com/int/configurator-promo,MCC Smart|Forfour|K0003756|2014|2019,MCC Smart,MCC Smart,Forfour,Forfour,K0003756,Forfour (W 453) 2014 - 2019,Saloon,Forfour,W 453,2014,2019,P00037560098517,https://images002.bmf-application.com/optimized/PKW/240x120/SMART004.png,https://www.ronal-wheels.com/int/configurator-promo,1,41,rear wheel drive
SCRAPED_RONAL_BMF_RESEARCH_ONLY,false,2026-08-03T22:53:31.241Z,BMF Media Information Technology GmbH / ProVis4,https://www.ronal-wheels.com/int/configurator-promo,MCC Smart|Forfour|K0004735|2019|,MCC Smart,MCC Smart,Forfour,Forfour,K0004735,Forfour (W 453/Facelift) 2019 - ,Saloon,Forfour,W 453,2019,,P00047350105072,https://images002.bmf-application.com/optimized/PKW/240x120/SMART007.png,https://www.ronal-wheels.com/int/configurator-promo,1,41,rear wheel drive
SCRAPED_RONAL_BMF_RESEARCH_ONLY,false,2026-08-03T22:53:31.241Z,BMF Media Information Technology GmbH / ProVis4,https://www.ronal-wheels.com/int/configurator-promo,MCC Smart|Fortwo|K0003757|2014|2019,MCC Smart,MCC Smart,Fortwo,Fortwo,K0003757,Fortwo (453) 2014 - 2019,Coupe,Fortwo,453,2014,2019,P00037570098519,https://images002.bmf-application.com/optimized/PKW/240x120/SMART002.png,https://www.ronal-wheels.com/int/configurator-promo,1,41,rear wheel drive
SCRAPED_RONAL_BMF_RESEARCH_ONLY,false,2026-08-03T22:53:31.241Z,BMF Media Information Technology GmbH / ProVis4,https://www.ronal-wheels.com/int/configurator-promo,MCC Smart|Fortwo|K0004736|2019|,MCC Smart,MCC Smart,Fortwo,Fortwo,K0004736,Fortwo (453/Facelift) 2019 - ,Coupe,Fortwo,453,2019,,P00047360105073,https://images002.bmf-application.com/optimized/PKW/240x120/SMART005.png,https://www.ronal-wheels.com/int/configurator-promo,1,41,rear wheel drive
SCRAPED_RONAL_BMF_RESEARCH_ONLY,false,2026-08-03T22:53:31.241Z,BMF Media Information Technology GmbH / ProVis4,https://www.ronal-wheels.com/int/configurator-promo,MCC Smart|Fortwo|K0003979|2016|2019,MCC Smart,MCC Smart,Fortwo,Fortwo,K0003979,Fortwo Convertible (453) 2016 - 2019,Convertible,Fortwo Convertible,453,2016,2019,P00039790098518,https://images002.bmf-application.com/optimized/PKW/240x120/SMART003.png,https://www.ronal-wheels.com/int/configurator-promo,1,41,rear wheel drive
SCRAPED_RONAL_BMF_RESEARCH_ONLY,false,2026-08-03T22:53:31.241Z,BMF Media Information Technology GmbH / ProVis4,https://www.ronal-wheels.com/int/configurator-promo,MCC Smart|Fortwo|K0004737|2019|,MCC Smart,MCC Smart,Fortwo,Fortwo,K0004737,Fortwo Convertible (453/Facelift) 2019 - ,Convertible,Fortwo Convertible,453,2019,,P00047370105074,https://images002.bmf-application.com/optimized/PKW/240x120/SMART006.png,https://www.ronal-wheels.com/int/configurator-promo,1,41,rear wheel drive
SCRAPED_RONAL_BMF_RESEARCH_ONLY,false,2026-08-03T22:53:31.241Z,BMF Media Information Technology GmbH / ProVis4,https://www.ronal-wheels.com/int/configurator-promo,Mercedes|B-Klasse|K0003828|2014|2018,Mercedes,Mercedes,B-Klasse,B-Class,K0003828,B-Class (246/Facelift) 2014 - 2018,Hatchback,B-Class,246,2014,2018,P00038280089027,https://images002.bmf-application.com/optimized/PKW/240x120/MB037.png,https://www.ronal-wheels.com/int/configurator-promo,1,65,front wheel drive 
SCRAPED_RONAL_BMF_RESEARCH_ONLY,false,2026-08-03T22:53:31.241Z,BMF Media Information Technology GmbH / ProVis4,https://www.ronal-wheels.com/int/configurator-promo,Mercedes|Citan|K0005019|2021|,Mercedes,Mercedes,Citan,Citan,K0005019,Citan (MFK) 2021 - ,Van,Citan,MFK,2021,,P00050190110303,https://images002.bmf-application.com/optimized/PKW/240x120/MB129.png,https://www.ronal-wheels.com/int/configurator-promo,1,51,front wheel drive 
SCRAPED_RONAL_BMF_RESEARCH_ONLY,false,2026-08-03T22:53:31.241Z,BMF Media Information Technology GmbH / ProVis4,https://www.ronal-wheels.com/int/configurator-promo,Mercedes|EQA|K0004869|2021|2023,Mercedes,Mercedes,EQA,EQA,K0004869,EQA (F2B) 2021 - 2023,SUV,EQA,F2B,2021,2023,P00048690107006,https://images002.bmf-application.com/optimized/PKW/240x120/MB123.png,https://www.ronal-wheels.com/int/configurator-promo,5,80|95|111|139,All-wheel drive|front wheel drive 
SCRAPED_RONAL_BMF_RESEARCH_ONLY,false,2026-08-03T22:53:31.241Z,BMF Media Information Technology GmbH / ProVis4,https://www.ronal-wheels.com/int/configurator-promo,Mercedes|EQA|K0005414|2024|,Mercedes,Mercedes,EQA,EQA,K0005414,EQA (F2B/Facelift) 2024 - ,SUV,EQA,F2B,2024,,P00054140123694,https://images002.bmf-application.com/optimized/PKW/240x120/MB179.png,https://www.ronal-wheels.com/int/configurator-promo,5,95|111|130|139,All-wheel drive|rear wheel drive
SCRAPED_RONAL_BMF_RESEARCH_ONLY,false,2026-08-03T22:53:31.241Z,BMF Media Information Technology GmbH / ProVis4,https://www.ronal-wheels.com/int/configurator-promo,Mercedes|EQB|K0005005|2021|2023,Mercedes,Mercedes,EQB,EQB,K0005005,EQB (F2B) 2021 - 2023,SUV,EQB,F2B,2021,2023,P00050050108560,https://images002.bmf-application.com/optimized/PKW/240x120/MB128.png,https://www.ronal-wheels.com/int/configurator-promo,4,95|111|139,All-wheel drive|front wheel drive 
SCRAPED_RONAL_BMF_RESEARCH_ONLY,false,2026-08-03T22:53:31.241Z,BMF Media Information Technology GmbH / ProVis4,https://www.ronal-wheels.com/int/configurator-promo,Mercedes|EQB|K0005415|2024|,Mercedes,Mercedes,EQB,EQB,K0005415,EQB (F2B/Facelift) 2024 - ,SUV,EQB,F2B,2024,,P00054150123697,https://images002.bmf-application.com/optimized/PKW/240x120/MB180.png,https://www.ronal-wheels.com/int/configurator-promo,6,95|111|130|139,All-wheel drive|rear wheel drive
SCRAPED_RONAL_BMF_RESEARCH_ONLY,false,2026-08-03T22:53:31.241Z,BMF Media Information Technology GmbH / ProVis4,https://www.ronal-wheels.com/int/configurator-promo,Mercedes|EQC|K0004607|2019|,Mercedes,Mercedes,EQC,EQC,K0004607,EQC (N 293 (204 X)) 2019 - ,SUV,EQC,N 293 (204 X),2019,,P00046070103472,https://images002.bmf-application.com/optimized/PKW/240x120/MB088.png,https://www.ronal-wheels.com/int/configurator-promo,1,145,All-wheel drive
SCRAPED_RONAL_BMF_RESEARCH_ONLY,false,2026-08-03T22:53:31.241Z,BMF Media Information Technology GmbH / ProVis4,https://www.ronal-wheels.com/int/configurator-promo,Mercedes|EQE|K0005076|2022|,Mercedes,Mercedes,EQE,EQE,K0005076,EQE (E2EQEW) 2022 - ,Saloon,EQE,E2EQEW,2022,,P00050760109706,https://images002.bmf-application.com/optimized/PKW/240x120/MB135.png,https://www.ronal-wheels.com/int/configurator-promo,5,109|135,All-wheel drive|rear wheel drive
SCRAPED_RONAL_BMF_RESEARCH_ONLY,false,2026-08-03T22:53:31.241Z,BMF Media Information Technology GmbH / ProVis4,https://www.ronal-wheels.com/int/configurator-promo,Mercedes|EQS|K0004982|2021|2024,Mercedes,Mercedes,EQS,EQS,K0004982,EQS (E2EQSW) 2021 - 2024,Saloon,EQS,E2EQSW,2021,2024,P00049820108454,https://images002.bmf-application.com/optimized/PKW/240x120/MB131.png,https://www.ronal-wheels.com/int/configurator-promo,5,109|135,All-wheel drive|rear wheel drive
SCRAPED_RONAL_BMF_RESEARCH_ONLY,false,2026-08-03T22:53:31.241Z,BMF Media Information Technology GmbH / ProVis4,https://www.ronal-wheels.com/int/configurator-promo,Mercedes|EQS|K0005625|2024|2026,Mercedes,Mercedes,EQS,EQS,K0005625,EQS (E2EQSW/Facelift) 2024 - 2026,Saloon,EQS,E2EQSW,2024,2026,P00056250126683,https://images002.bmf-application.com/optimized/PKW/240x120/MB189.png,https://www.ronal-wheels.com/int/configurator-promo,5,109|135,All-wheel drive|rear wheel drive
SCRAPED_RONAL_BMF_RESEARCH_ONLY,false,2026-08-03T22:53:31.241Z,BMF Media Information Technology GmbH / ProVis4,https://www.ronal-wheels.com/int/configurator-promo,Mercedes|EQS|K0005144|2022|2024,Mercedes,Mercedes,EQS,EQS,K0005144,EQS (E2EQSX) 2022 - 2024,SUV,EQS,E2EQSX,2022,2024,P00051440110425,https://images002.bmf-application.com/optimized/PKW/240x120/MB142.png,https://www.ronal-wheels.com/int/configurator-promo,3,135,All-wheel drive
SCRAPED_RONAL_BMF_RESEARCH_ONLY,false,2026-08-03T22:53:31.241Z,BMF Media Information Technology GmbH / ProVis4,https://www.ronal-wheels.com/int/configurator-promo,Mercedes|EQS|K0005626|2024|,Mercedes,Mercedes,EQS,EQS,K0005626,EQS (E2EQSX/Facelift) 2024 - ,SUV,EQS,E2EQSX,2024,,P00056260126688,https://images002.bmf-application.com/optimized/PKW/240x120/MB190.png,https://www.ronal-wheels.com/int/configurator-promo,3,135,All-wheel drive
SCRAPED_RONAL_BMF_RESEARCH_ONLY,false,2026-08-03T22:53:31.241Z,BMF Media Information Technology GmbH / ProVis4,https://www.ronal-wheels.com/int/configurator-promo,Mercedes|EQS|K0005101|2022|2024,Mercedes,Mercedes,EQS,EQS,K0005101,EQS AMG (E2EQSW) 2022 - 2024,Saloon,EQS AMG,E2EQSW,2022,2024,P00051010109517,https://images002.bmf-application.com/optimized/PKW/240x120/MB134.png,https://www.ronal-wheels.com/int/configurator-promo,1,185,All-wheel drive
SCRAPED_RONAL_BMF_RESEARCH_ONLY,false,2026-08-03T22:53:31.241Z,BMF Media Information Technology GmbH / ProVis4,https://www.ronal-wheels.com/int/configurator-promo,Mercedes|EQS|K0005624|2024|,Mercedes,Mercedes,EQS,EQS,K0005624,EQS AMG (E2EQSW/Facelift) 2024 - ,Saloon,EQS AMG,E2EQSW,2024,,P00056240126682,https://images002.bmf-application.com/optimized/PKW/240x120/MB193.png,https://www.ronal-wheels.com/int/configurator-promo,1,185,All-wheel drive
SCRAPED_RONAL_BMF_RESEARCH_ONLY,false,2026-08-03T22:53:31.241Z,BMF Media Information Technology GmbH / ProVis4,https://www.ronal-wheels.com/int/configurator-promo,Mercedes|EQT|K0005226|2022|,Mercedes,Mercedes,EQT,EQT,K0005226,EQT (MFK) 2022 - ,Estate,EQT,MFK,2022,,P00052260110942,https://images002.bmf-application.com/optimized/PKW/240x120/MB152.png,https://www.ronal-wheels.com/int/configurator-promo,1,51,front wheel drive 
SCRAPED_RONAL_BMF_RESEARCH_ONLY,false,2026-08-03T22:53:31.241Z,BMF Media Information Technology GmbH / ProVis4,https://www.ronal-wheels.com/int/configurator-promo,Mercedes|EQV|K0004808|2020|,Mercedes,Mercedes,EQV,EQV,K0004808,EQV (639/2) 2020 - ,Van,EQV,639/2,2020,,P00048080105887,https://images002.bmf-application.com/optimized/PKW/240x120/MB108.png,https://www.ronal-wheels.com/int/configurator-promo,1,70,rear wheel drive
SCRAPED_RONAL_BMF_RESEARCH_ONLY,false,2026-08-03T22:53:31.241Z,BMF Media Information Technology GmbH / ProVis4,https://www.ronal-wheels.com/int/configurator-promo,Mercedes|Sprinter|K0004386|2018|,Mercedes,Mercedes,Sprinter,Sprinter,K0004386,Sprinter (KL3A4/KL3A5) 2018 - ,Transporter,Sprinter,KL3A4/KL3A5,2018,,P00043860104677,https://images002.bmf-application.com/optimized/PKW/240x120/MB077.png,https://www.ronal-wheels.com/int/configurator-promo,1,70,front wheel drive 
SCRAPED_RONAL_BMF_RESEARCH_ONLY,false,2026-08-03T22:53:31.241Z,BMF Media Information Technology GmbH / ProVis4,https://www.ronal-wheels.com/int/configurator-promo,Mercedes|Sprinter|K0005753|2012|,Mercedes,Mercedes,Sprinter,Sprinter,K0005753,Sprinter (Typ 906BB35) (W906) 2012 - ,Transporter,Sprinter (Typ 906BB35),W906,2012,,P00057530128015,https://images002.bmf-application.com/optimized/PKW/240x120/MBSP13Y.png,https://www.ronal-wheels.com/int/configurator-promo,2,80,rear wheel drive
SCRAPED_RONAL_BMF_RESEARCH_ONLY,false,2026-08-03T22:53:31.241Z,BMF Media Information Technology GmbH / ProVis4,https://www.ronal-wheels.com/int/configurator-promo,Mercedes|Vito|K0003760|2014|,Mercedes,Mercedes,Vito,Vito,K0003760,Vito (Kombi) (W639/2 (W447)) 2014 - ,Transporter,Vito (Kombi),W639/2 (W447),2014,,P00037600102822,https://images002.bmf-application.com/optimized/PKW/240x120/MB067X.png,https://www.ronal-wheels.com/int/configurator-promo,2,70,front wheel drive 
SCRAPED_RONAL_BMF_RESEARCH_ONLY,false,2026-08-03T22:53:31.241Z,BMF Media Information Technology GmbH / ProVis4,https://www.ronal-wheels.com/int/configurator-promo,Mercedes|Vito|K0003761|2014|,Mercedes,Mercedes,Vito,Vito,K0003761,"Vito (W639/4,W639/5 (W447)) 2014 - ",Transporter,Vito,"W639/4,W639/5 (W447)",2014,,P00037610104685,https://images002.bmf-application.com/optimized/PKW/240x120/MB200.png,https://www.ronal-wheels.com/int/configurator-promo,2,70,front wheel drive 
SCRAPED_RONAL_BMF_RESEARCH_ONLY,false,2026-08-03T22:53:31.241Z,BMF Media Information Technology GmbH / ProVis4,https://www.ronal-wheels.com/int/configurator-promo,MG|Marvel%20R|K0004964|2021|,MG,MG,Marvel%20R,Marvel R,K0004964,Marvel R (EP21) 2021 - ,SUV,Marvel R,EP21,2021,,P00049640108173,https://images002.bmf-application.com/optimized/PKW/240x120/MG003.png,https://www.ronal-wheels.com/int/configurator-promo,2,65|105,All-wheel drive|rear wheel drive
SCRAPED_RONAL_BMF_RESEARCH_ONLY,false,2026-08-03T22:53:31.241Z,BMF Media Information Technology GmbH / ProVis4,https://www.ronal-wheels.com/int/configurator-promo,MG|MG4|K0005136|2022|,MG,MG,MG4,MG4,K0005136,MG4 (SEH3) 2022 - ,Fastback,MG4,SEH3,2022,,P00051360110310,https://images002.bmf-application.com/optimized/PKW/240x120/MG005.png,https://www.ronal-wheels.com/int/configurator-promo,2,54|68,rear wheel drive
SCRAPED_RONAL_BMF_RESEARCH_ONLY,false,2026-08-03T22:53:31.241Z,BMF Media Information Technology GmbH / ProVis4,https://www.ronal-wheels.com/int/configurator-promo,MG|MG5|K0005075|2022|,MG,MG,MG5,MG5,K0005075,MG5 (EP22-L) 2022 - ,Estate,MG5,EP22-L,2022,,P00050750109703,https://images002.bmf-application.com/optimized/PKW/240x120/MG004.png,https://www.ronal-wheels.com/int/configurator-promo,1,73,front wheel drive 
SCRAPED_RONAL_BMF_RESEARCH_ONLY,false,2026-08-03T22:53:31.241Z,BMF Media Information Technology GmbH / ProVis4,https://www.ronal-wheels.com/int/configurator-promo,MG|ZS|K0004903|2020|2021,MG,MG,ZS,ZS,K0004903,ZS EV (ZS1) 2020 - 2021,SUV,ZS EV,ZS1,2020,2021,P00049030107356,noimage.png,https://www.ronal-wheels.com/int/configurator-promo,1,68,front wheel drive 
SCRAPED_RONAL_BMF_RESEARCH_ONLY,false,2026-08-03T22:53:31.241Z,BMF Media Information Technology GmbH / ProVis4,https://www.ronal-wheels.com/int/configurator-promo,MG|ZS|K0005103|2021|,MG,MG,ZS,ZS,K0005103,ZS EV (ZS1/Facelift) 2021 - ,SUV,ZS EV,ZS1,2021,,P00051030108574,https://images002.bmf-application.com/optimized/PKW/240x120/MG001.png,https://www.ronal-wheels.com/int/configurator-promo,3,68|73|75,front wheel drive 
SCRAPED_RONAL_BMF_RESEARCH_ONLY,false,2026-08-03T22:53:31.241Z,BMF Media Information Technology GmbH / ProVis4,https://www.ronal-wheels.com/int/configurator-promo,Mini|Mini|K0004976|2021|,Mini,Mini,Mini,Mini,K0004976,Mini Cooper S Convertible (FMCA/Facelift) 2021 - ,Convertible,Mini Cooper S Convertible,FMCA,2021,,P00049760111062,https://images002.bmf-application.com/optimized/PKW/240x120/MINI025.png,https://www.ronal-wheels.com/int/configurator-promo,1,75,front wheel drive 
SCRAPED_RONAL_BMF_RESEARCH_ONLY,false,2026-08-03T22:53:31.241Z,BMF Media Information Technology GmbH / ProVis4,https://www.ronal-wheels.com/int/configurator-promo,Mini|Mini|K0004838|2020|2021,Mini,Mini,Mini,Mini,K0004838,Mini Cooper SE (FML2E) 2020 - 2021,Saloon,Mini Cooper SE,FML2E,2020,2021,P00048380104648,https://images002.bmf-application.com/optimized/PKW/240x120/MINI021.png,https://www.ronal-wheels.com/int/configurator-promo,1,75,front wheel drive 
SCRAPED_RONAL_BMF_RESEARCH_ONLY,false,2026-08-03T22:53:31.241Z,BMF Media Information Technology GmbH / ProVis4,https://www.ronal-wheels.com/int/configurator-promo,Mini|Mini|K0004953|2021|,Mini,Mini,Mini,Mini,K0004953,Mini Cooper SE (FML2E/Facelift) 2021 - ,Saloon,Mini Cooper SE,FML2E,2021,,P00049530108131,https://images002.bmf-application.com/optimized/PKW/240x120/MINI022.png,https://www.ronal-wheels.com/int/configurator-promo,1,75,front wheel drive 
SCRAPED_RONAL_BMF_RESEARCH_ONLY,false,2026-08-03T22:53:31.241Z,BMF Media Information Technology GmbH / ProVis4,https://www.ronal-wheels.com/int/configurator-promo,Nissan|Ariya|K0005095|2022|,Nissan,Nissan,Ariya,Ariya,K0005095,Ariya (FE0E) 2022 - ,SUV,Ariya,FE0E,2022,,P00050950109887,https://images002.bmf-application.com/optimized/PKW/240x120/NISS015.png,https://www.ronal-wheels.com/int/configurator-promo,2,45|90,All-wheel drive|front wheel drive 
SCRAPED_RONAL_BMF_RESEARCH_ONLY,false,2026-08-03T22:53:31.241Z,BMF Media Information Technology GmbH / ProVis4,https://www.ronal-wheels.com/int/configurator-promo,Nissan|Leaf|K0003056|2010|2017,Nissan,Nissan,Leaf,Leaf,K0003056,Leaf (ZE0) 2010 - 2017,Hatchback,Leaf,ZE0,2010,2017,P00030560037542,https://images002.bmf-application.com/optimized/PKW/240x120/NILEA12Y.png,https://www.ronal-wheels.com/int/configurator-promo,1,80,front wheel drive 
SCRAPED_RONAL_BMF_RESEARCH_ONLY,false,2026-08-03T22:53:31.241Z,BMF Media Information Technology GmbH / ProVis4,https://www.ronal-wheels.com/int/configurator-promo,Nissan|Leaf|K0004370|2018|2025,Nissan,Nissan,Leaf,Leaf,K0004370,Leaf (ZE1) 2018 - 2025,Hatchback,Leaf,ZE1,2018,2025,P00043700100368,https://images002.bmf-application.com/optimized/PKW/240x120/NISS010.png,https://www.ronal-wheels.com/int/configurator-promo,2,90,front wheel drive 
SCRAPED_RONAL_BMF_RESEARCH_ONLY,false,2026-08-03T22:53:31.241Z,BMF Media Information Technology GmbH / ProVis4,https://www.ronal-wheels.com/int/configurator-promo,Nissan|NV200|K0003704|2014|,Nissan,Nissan,NV200,NV200,K0003704,NV200 (ME0N/ME0M) 2014 - ,Van,NV200,ME0N/ME0M,2014,,P00037040086455,noimage.png,https://www.ronal-wheels.com/int/configurator-promo,1,80,front wheel drive 
SCRAPED_RONAL_BMF_RESEARCH_ONLY,false,2026-08-03T22:53:31.241Z,BMF Media Information Technology GmbH / ProVis4,https://www.ronal-wheels.com/int/configurator-promo,Nissan|Townstar|K0005045|2021|,Nissan,Nissan,Townstar,Townstar,K0005045,Townstar (NFK) 2021 - ,Transporter,Townstar,NFK,2021,,P00050450110155,https://images002.bmf-application.com/optimized/PKW/240x120/NISS017.png,https://www.ronal-wheels.com/int/configurator-promo,1,51,front wheel drive 
SCRAPED_RONAL_BMF_RESEARCH_ONLY,false,2026-08-03T22:53:31.241Z,BMF Media Information Technology GmbH / ProVis4,https://www.ronal-wheels.com/int/configurator-promo,Opel|Ampera|K0004188|2017|,Opel,Opel,Ampera,Ampera,K0004188,Ampera (1G0F) 2017 - ,Saloon,Ampera,1G0F,2017,,P00041880097149,https://images002.bmf-application.com/optimized/PKW/240x120/OPEL025.png,https://www.ronal-wheels.com/int/configurator-promo,1,55,front wheel drive 
SCRAPED_RONAL_BMF_RESEARCH_ONLY,false,2026-08-03T22:53:31.241Z,BMF Media Information Technology GmbH / ProVis4,https://www.ronal-wheels.com/int/configurator-promo,Opel|Astra|K0005032|2022|2025,Opel,Opel,Astra,Astra,K0005032,Astra (F) 2022 - 2025,Hatchback,Astra,F,2022,2025,P00050320110882,https://images002.bmf-application.com/optimized/PKW/240x120/OPEL045.png,https://www.ronal-wheels.com/int/configurator-promo,1,62,front wheel drive 
SCRAPED_RONAL_BMF_RESEARCH_ONLY,false,2026-08-03T22:53:31.241Z,BMF Media Information Technology GmbH / ProVis4,https://www.ronal-wheels.com/int/configurator-promo,Opel|Combo|K0004427|2018|2024,Opel,Opel,Combo,Combo,K0004427,Combo (E) 2018 - 2024,Estate,Combo,E,2018,2024,P00044270108441,https://images002.bmf-application.com/optimized/PKW/240x120/OPEL034.png,https://www.ronal-wheels.com/int/configurator-promo,2,57|62,front wheel drive 
SCRAPED_RONAL_BMF_RESEARCH_ONLY,false,2026-08-03T22:53:31.241Z,BMF Media Information Technology GmbH / ProVis4,https://www.ronal-wheels.com/int/configurator-promo,Opel|Combo|K0004701|2018|2024,Opel,Opel,Combo,Combo,K0004701,Combo Cargo (E) 2018 - 2024,Small Delivery Truck,Combo Cargo,E,2018,2024,P00047010108442,https://images002.bmf-application.com/optimized/PKW/240x120/OPEL052.png,https://www.ronal-wheels.com/int/configurator-promo,2,57|62,front wheel drive 
SCRAPED_RONAL_BMF_RESEARCH_ONLY,false,2026-08-03T22:53:31.241Z,BMF Media Information Technology GmbH / ProVis4,https://www.ronal-wheels.com/int/configurator-promo,Opel|Corsa|K0004807|2020|2023,Opel,Opel,Corsa,Corsa,K0004807,e-Corsa (U) 2020 - 2023,Saloon,e-Corsa,U,2020,2023,P00048070104897,https://images002.bmf-application.com/optimized/PKW/240x120/OPEL038E.png,https://www.ronal-wheels.com/int/configurator-promo,1,57,front wheel drive 
SCRAPED_RONAL_BMF_RESEARCH_ONLY,false,2026-08-03T22:53:31.241Z,BMF Media Information Technology GmbH / ProVis4,https://www.ronal-wheels.com/int/configurator-promo,Opel|Corsa|K0005472|2023|,Opel,Opel,Corsa,Corsa,K0005472,e-Corsa (U/Facelift) 2023 - ,Saloon,e-Corsa,U,2023,,P00054720111107,https://images002.bmf-application.com/optimized/PKW/240x120/OPEL053E.png,https://www.ronal-wheels.com/int/configurator-promo,2,57|62,front wheel drive 
SCRAPED_RONAL_BMF_RESEARCH_ONLY,false,2026-08-03T22:53:31.241Z,BMF Media Information Technology GmbH / ProVis4,https://www.ronal-wheels.com/int/configurator-promo,Opel|Mokka|K0005255|2021|2024,Opel,Opel,Mokka,Mokka,K0005255,Mokka-e (U) 2021 - 2024,SUV,Mokka-e,U,2021,2024,P00052550107327,https://images002.bmf-application.com/optimized/PKW/240x120/OPEL043E.png,https://www.ronal-wheels.com/int/configurator-promo,2,57|62,front wheel drive 
SCRAPED_RONAL_BMF_RESEARCH_ONLY,false,2026-08-03T22:53:31.241Z,BMF Media Information Technology GmbH / ProVis4,https://www.ronal-wheels.com/int/configurator-promo,Opel|Mokka|K0005619|2024|,Opel,Opel,Mokka,Mokka,K0005619,Mokka-e (U/Facelift) 2024 - ,SUV,Mokka-e,U,2024,,P00056190126668,https://images002.bmf-application.com/optimized/PKW/240x120/OPEL055E.png,https://www.ronal-wheels.com/int/configurator-promo,2,57|62,front wheel drive 
SCRAPED_RONAL_BMF_RESEARCH_ONLY,false,2026-08-03T22:53:31.241Z,BMF Media Information Technology GmbH / ProVis4,https://www.ronal-wheels.com/int/configurator-promo,Opel|Movano|K0005050|2021|,Opel,Opel,Movano,Movano,K0005050,Movano (Y/H) 2021 - ,Transporter,Movano,Y/H,2021,,P00050500110307,https://images002.bmf-application.com/optimized/PKW/240x120/OPEL047.png,https://www.ronal-wheels.com/int/configurator-promo,1,90,front wheel drive 
SCRAPED_RONAL_BMF_RESEARCH_ONLY,false,2026-08-03T22:53:31.241Z,BMF Media Information Technology GmbH / ProVis4,https://www.ronal-wheels.com/int/configurator-promo,Opel|Vivaro|K0005202|2020|,Opel,Opel,Vivaro,Vivaro,K0005202,e-Vivaro (V) 2020 - ,Transporter,e-Vivaro,V,2020,,P00052020105873,https://images002.bmf-application.com/optimized/PKW/240x120/OPEL041E.png,https://www.ronal-wheels.com/int/configurator-promo,2,57|62,front wheel drive 
SCRAPED_RONAL_BMF_RESEARCH_ONLY,false,2026-08-03T22:53:31.241Z,BMF Media Information Technology GmbH / ProVis4,https://www.ronal-wheels.com/int/configurator-promo,Opel|Zafira|K0005164|2020|,Opel,Opel,Zafira,Zafira,K0005164,e-Zafira Life (V) 2020 - ,Van,e-Zafira Life,V,2020,,P00051640105875,https://images002.bmf-application.com/optimized/PKW/240x120/OPEL037E.png,https://www.ronal-wheels.com/int/configurator-promo,2,57|62,front wheel drive 
SCRAPED_RONAL_BMF_RESEARCH_ONLY,false,2026-08-03T22:53:31.241Z,BMF Media Information Technology GmbH / ProVis4,https://www.ronal-wheels.com/int/configurator-promo,Peugeot|2008|K0004669|2019|2023,Peugeot,Peugeot,2008,2008,K0004669,2008 (U) 2019 - 2023,SUV,2008,U,2019,2023,P00046690104896,https://images002.bmf-application.com/optimized/PKW/240x120/PEU028.png,https://www.ronal-wheels.com/int/configurator-promo,1,57,front wheel drive 
SCRAPED_RONAL_BMF_RESEARCH_ONLY,false,2026-08-03T22:53:31.241Z,BMF Media Information Technology GmbH / ProVis4,https://www.ronal-wheels.com/int/configurator-promo,Peugeot|2008|K0005342|2023|,Peugeot,Peugeot,2008,2008,K0005342,2008 (U/Facelift) 2023 - ,SUV,2008,U,2023,,P00053420111101,https://images002.bmf-application.com/optimized/PKW/240x120/PEU040.png,https://www.ronal-wheels.com/int/configurator-promo,2,57|62,front wheel drive 
SCRAPED_RONAL_BMF_RESEARCH_ONLY,false,2026-08-03T22:53:31.241Z,BMF Media Information Technology GmbH / ProVis4,https://www.ronal-wheels.com/int/configurator-promo,Peugeot|208|K0004618|2019|2023,Peugeot,Peugeot,208,208,K0004618,208 (U) 2019 - 2023,Hatchback,208,U,2019,2023,P00046180104805,https://images002.bmf-application.com/optimized/PKW/240x120/PEU026.png,https://www.ronal-wheels.com/int/configurator-promo,2,57|62,front wheel drive 
SCRAPED_RONAL_BMF_RESEARCH_ONLY,false,2026-08-03T22:53:31.241Z,BMF Media Information Technology GmbH / ProVis4,https://www.ronal-wheels.com/int/configurator-promo,Peugeot|208|K0005545|2023|,Peugeot,Peugeot,208,208,K0005545,208 (U/Facelift) 2023 - ,Hatchback,208,U,2023,,P00055450126004,https://images002.bmf-application.com/optimized/PKW/240x120/PEU041.png,https://www.ronal-wheels.com/int/configurator-promo,2,57|62,front wheel drive 
SCRAPED_RONAL_BMF_RESEARCH_ONLY,false,2026-08-03T22:53:31.241Z,BMF Media Information Technology GmbH / ProVis4,https://www.ronal-wheels.com/int/configurator-promo,Peugeot|308|K0004949|2021|2025,Peugeot,Peugeot,308,308,K0004949,308 (F) 2021 - 2025,Hatchback,308,F,2021,2025,P00049490111099,https://images002.bmf-application.com/optimized/PKW/240x120/PEU032.png,https://www.ronal-wheels.com/int/configurator-promo,1,62,front wheel drive 
SCRAPED_RONAL_BMF_RESEARCH_ONLY,false,2026-08-03T22:53:31.241Z,BMF Media Information Technology GmbH / ProVis4,https://www.ronal-wheels.com/int/configurator-promo,Peugeot|308|K0005748|2025|,Peugeot,Peugeot,308,308,K0005748,308 (F/Facelift) 2025 - ,Hatchback,308,F,2025,,P00057480127974,https://images002.bmf-application.com/optimized/PKW/240x120/PEU047.png,https://www.ronal-wheels.com/int/configurator-promo,1,62,front wheel drive 
SCRAPED_RONAL_BMF_RESEARCH_ONLY,false,2026-08-03T22:53:31.241Z,BMF Media Information Technology GmbH / ProVis4,https://www.ronal-wheels.com/int/configurator-promo,Peugeot|Boxer|K0004349|2014|,Peugeot,Peugeot,Boxer,Boxer,K0004349,Boxer (Y/Facelift) 2014 - ,Transporter,Boxer,Y,2014,,P00043490108640,noimage.png,https://www.ronal-wheels.com/int/configurator-promo,2,85|90,front wheel drive 
SCRAPED_RONAL_BMF_RESEARCH_ONLY,false,2026-08-03T22:53:31.241Z,BMF Media Information Technology GmbH / ProVis4,https://www.ronal-wheels.com/int/configurator-promo,Peugeot|Expert|K0005203|2020|2024,Peugeot,Peugeot,Expert,Expert,K0005203,e-Expert (V) 2020 - 2024,Transporter,e-Expert,V,2020,2024,P00052030106202,https://images002.bmf-application.com/optimized/PKW/240x120/PEU036.png,https://www.ronal-wheels.com/int/configurator-promo,1,57,front wheel drive 
SCRAPED_RONAL_BMF_RESEARCH_ONLY,false,2026-08-03T22:53:31.241Z,BMF Media Information Technology GmbH / ProVis4,https://www.ronal-wheels.com/int/configurator-promo,Peugeot|Expert|K0005726|2024|,Peugeot,Peugeot,Expert,Expert,K0005726,e-Expert (V/Facelift) 2024 - ,Transporter,e-Expert,V,2024,,P00057260127073,https://images002.bmf-application.com/optimized/PKW/240x120/PEU045.png,https://www.ronal-wheels.com/int/configurator-promo,1,62,front wheel drive 
SCRAPED_RONAL_BMF_RESEARCH_ONLY,false,2026-08-03T22:53:31.241Z,BMF Media Information Technology GmbH / ProVis4,https://www.ronal-wheels.com/int/configurator-promo,Peugeot|Partner|K0004512|2018|,Peugeot,Peugeot,Partner,Partner,K0004512,Partner (E) 2018 - ,Transporter,Partner,E,2018,,P00045120108563,https://images002.bmf-application.com/optimized/PKW/240x120/PEU027.png,https://www.ronal-wheels.com/int/configurator-promo,2,57|62,front wheel drive 
SCRAPED_RONAL_BMF_RESEARCH_ONLY,false,2026-08-03T22:53:31.241Z,BMF Media Information Technology GmbH / ProVis4,https://www.ronal-wheels.com/int/configurator-promo,Peugeot|Rifter|K0004389|2018|,Peugeot,Peugeot,Rifter,Rifter,K0004389,Rifter (E) 2018 - ,Van,Rifter,E,2018,,P00043890108445,https://images002.bmf-application.com/optimized/PKW/240x120/PEU023.png,https://www.ronal-wheels.com/int/configurator-promo,2,57|62,front wheel drive 
SCRAPED_RONAL_BMF_RESEARCH_ONLY,false,2026-08-03T22:53:31.241Z,BMF Media Information Technology GmbH / ProVis4,https://www.ronal-wheels.com/int/configurator-promo,Peugeot|Traveller|K0005165|2020|2024,Peugeot,Peugeot,Traveller,Traveller,K0005165,e-Traveller (V) 2020 - 2024,Transporter,e-Traveller,V,2020,2024,P00051650105872,https://images002.bmf-application.com/optimized/PKW/240x120/PEU029E.png,https://www.ronal-wheels.com/int/configurator-promo,1,57,front wheel drive 
SCRAPED_RONAL_BMF_RESEARCH_ONLY,false,2026-08-03T22:53:31.241Z,BMF Media Information Technology GmbH / ProVis4,https://www.ronal-wheels.com/int/configurator-promo,Peugeot|Traveller|K0005725|2024|,Peugeot,Peugeot,Traveller,Traveller,K0005725,e-Traveller (V/Facelift) 2024 - ,Transporter,e-Traveller,V,2024,,P00057250123903,https://images002.bmf-application.com/optimized/PKW/240x120/PEU044.png,https://www.ronal-wheels.com/int/configurator-promo,1,62,front wheel drive 
SCRAPED_RONAL_BMF_RESEARCH_ONLY,false,2026-08-03T22:53:31.241Z,BMF Media Information Technology GmbH / ProVis4,https://www.ronal-wheels.com/int/configurator-promo,Polestar|Polestar%202|K0004749|2020|2023,Polestar,Polestar,Polestar%202,Polestar 2,K0004749,Polestar 2 (V) 2020 - 2023,Saloon,Polestar 2,V,2020,2023,P00047490105336,https://images002.bmf-application.com/optimized/PKW/240x120/VOLVO018.png,https://www.ronal-wheels.com/int/configurator-promo,2,80|160,All-wheel drive|front wheel drive 
SCRAPED_RONAL_BMF_RESEARCH_ONLY,false,2026-08-03T22:53:31.241Z,BMF Media Information Technology GmbH / ProVis4,https://www.ronal-wheels.com/int/configurator-promo,Polestar|Polestar%202|K0005621|2023|,Polestar,Polestar,Polestar%202,Polestar 2,K0005621,Polestar 2 (V/Facelift) 2023 - ,Saloon,Polestar 2,V,2023,,P00056210111067,https://images002.bmf-application.com/optimized/PKW/240x120/VOLVO026.png,https://www.ronal-wheels.com/int/configurator-promo,4,109|133|141|192,All-wheel drive|front wheel drive 
SCRAPED_RONAL_BMF_RESEARCH_ONLY,false,2026-08-03T22:53:31.241Z,BMF Media Information Technology GmbH / ProVis4,https://www.ronal-wheels.com/int/configurator-promo,Polestar|Polestar%204|K0005459|2024|,Polestar,Polestar,Polestar%204,Polestar 4,K0005459,Polestar 4 (4) 2024 - ,SUV,Polestar 4,4,2024,,P00054590124184,https://images002.bmf-application.com/optimized/PKW/240x120/POLE001.png,https://www.ronal-wheels.com/int/configurator-promo,1,150,All-wheel drive
SCRAPED_RONAL_BMF_RESEARCH_ONLY,false,2026-08-03T22:53:31.241Z,BMF Media Information Technology GmbH / ProVis4,https://www.ronal-wheels.com/int/configurator-promo,Porsche|Taycan|K0004718|2019|2024,Porsche,Porsche,Taycan,Taycan,K0004718,Taycan (Y1A) 2019 - 2024,Saloon,Taycan,Y1A,2019,2024,P00047180104817,https://images002.bmf-application.com/optimized/PKW/240x120/POR018.png,https://www.ronal-wheels.com/int/configurator-promo,6,113|120|140|142,All-wheel drive|rear wheel drive
SCRAPED_RONAL_BMF_RESEARCH_ONLY,false,2026-08-03T22:53:31.241Z,BMF Media Information Technology GmbH / ProVis4,https://www.ronal-wheels.com/int/configurator-promo,Porsche|Taycan|K0004991|2021|2024,Porsche,Porsche,Taycan,Taycan,K0004991,Taycan Cross Turismo (Y1A) 2021 - 2024,Cross Turismo,Taycan Cross Turismo,Y1A,2021,2024,P00049910108005,https://images002.bmf-application.com/optimized/PKW/240x120/POR022.png,https://www.ronal-wheels.com/int/configurator-promo,4,140|142,All-wheel drive
SCRAPED_RONAL_BMF_RESEARCH_ONLY,false,2026-08-03T22:53:31.241Z,BMF Media Information Technology GmbH / ProVis4,https://www.ronal-wheels.com/int/configurator-promo,Renault|Kangoo|K0003709|2011|2013,Renault,Renault,Kangoo,Kangoo,K0003709,Kangoo (FW/W/Facelift) 2011 - 2013,Estate,Kangoo,FW/W,2011,2013,P00037090037073,https://images002.bmf-application.com/optimized/PKW/240x120/REKAN11Y.png,https://www.ronal-wheels.com/int/configurator-promo,1,44,front wheel drive 
SCRAPED_RONAL_BMF_RESEARCH_ONLY,false,2026-08-03T22:53:31.241Z,BMF Media Information Technology GmbH / ProVis4,https://www.ronal-wheels.com/int/configurator-promo,Renault|Kangoo|K0003655|2013|2020,Renault,Renault,Kangoo,Kangoo,K0003655,Kangoo (FW/W/Facelift) 2013 - 2020,Estate,Kangoo,FW/W,2013,2020,P00036550085579,https://images002.bmf-application.com/optimized/PKW/240x120/REKAN13Y.png,https://www.ronal-wheels.com/int/configurator-promo,1,44,front wheel drive 
SCRAPED_RONAL_BMF_RESEARCH_ONLY,false,2026-08-03T22:53:31.241Z,BMF Media Information Technology GmbH / ProVis4,https://www.ronal-wheels.com/int/configurator-promo,Renault|Kangoo|K0004961|2021|,Renault,Renault,Kangoo,Kangoo,K0004961,Kangoo (RFK) 2021 - ,Estate,Kangoo,RFK,2021,,P00049610109977,https://images002.bmf-application.com/optimized/PKW/240x120/REN037.png,https://www.ronal-wheels.com/int/configurator-promo,2,51|70,front wheel drive 
SCRAPED_RONAL_BMF_RESEARCH_ONLY,false,2026-08-03T22:53:31.241Z,BMF Media Information Technology GmbH / ProVis4,https://www.ronal-wheels.com/int/configurator-promo,Renault|M_c3_a9gane|K0005027|2021|,Renault,Renault,M_c3_a9gane,Mégane,K0005027,Mégane (RCB) 2021 - ,Hatchback,Mégane,RCB,2021,,P00050270108866,https://images002.bmf-application.com/optimized/PKW/240x120/REN040.png,https://www.ronal-wheels.com/int/configurator-promo,1,55,front wheel drive 
SCRAPED_RONAL_BMF_RESEARCH_ONLY,false,2026-08-03T22:53:31.241Z,BMF Media Information Technology GmbH / ProVis4,https://www.ronal-wheels.com/int/configurator-promo,Renault|Sc_c3_a9nic%20V|K0005391|2024|,Renault,Renault,Sc_c3_a9nic%20V,Scénic V,K0005391,Scénic E-Tech (RCB) 2024 - ,SUV,Scénic E-Tech,RCB,2024,,P00053910124536,https://images002.bmf-application.com/optimized/PKW/240x120/REN049.png,https://www.ronal-wheels.com/int/configurator-promo,1,55,front wheel drive 
SCRAPED_RONAL_BMF_RESEARCH_ONLY,false,2026-08-03T22:53:31.241Z,BMF Media Information Technology GmbH / ProVis4,https://www.ronal-wheels.com/int/configurator-promo,Renault|Twingo|K0004613|2019|2024,Renault,Renault,Twingo,Twingo,K0004613,Twingo (AH/Facelift) 2019 - 2024,Saloon,Twingo,AH,2019,2024,P00046130106823,https://images002.bmf-application.com/optimized/PKW/240x120/REN026.png,https://www.ronal-wheels.com/int/configurator-promo,1,31,rear wheel drive
SCRAPED_RONAL_BMF_RESEARCH_ONLY,false,2026-08-03T22:53:31.241Z,BMF Media Information Technology GmbH / ProVis4,https://www.ronal-wheels.com/int/configurator-promo,Renault|Zoe|K0003442|2012|2019,Renault,Renault,Zoe,Zoe,K0003442,Zoe (AG) 2012 - 2019,Hatchback,Zoe,AG,2012,2019,P00034420083229,https://images002.bmf-application.com/optimized/PKW/240x120/RENZO13.png,https://www.ronal-wheels.com/int/configurator-promo,2,43|53,front wheel drive 
SCRAPED_RONAL_BMF_RESEARCH_ONLY,false,2026-08-03T22:53:31.241Z,BMF Media Information Technology GmbH / ProVis4,https://www.ronal-wheels.com/int/configurator-promo,Renault|Zoe|K0004706|2019|,Renault,Renault,Zoe,Zoe,K0004706,Zoe (AG/Facelift) 2019 - ,Hatchback,Zoe,AG,2019,,P00047060104273,https://images002.bmf-application.com/optimized/PKW/240x120/REN027.png,https://www.ronal-wheels.com/int/configurator-promo,1,51,front wheel drive 
SCRAPED_RONAL_BMF_RESEARCH_ONLY,false,2026-08-03T22:53:31.241Z,BMF Media Information Technology GmbH / ProVis4,https://www.ronal-wheels.com/int/configurator-promo,Seat|MII|K0004755|2020|,Seat,Seat,MII,MII,K0004755,MII electric (AA) 2020 - ,Saloon,MII electric,AA,2020,,P00047550104281,https://images002.bmf-application.com/optimized/PKW/240x120/SEAT023.png,https://www.ronal-wheels.com/int/configurator-promo,1,61,front wheel drive 
SCRAPED_RONAL_BMF_RESEARCH_ONLY,false,2026-08-03T22:53:31.241Z,BMF Media Information Technology GmbH / ProVis4,https://www.ronal-wheels.com/int/configurator-promo,Skoda|Citigo|K0004754|2019|,Skoda,Skoda,Citigo,Citigo,K0004754,Citigo-e iV (AA) 2019 - ,Saloon,Citigo-e iV,AA,2019,,P00047540104725,https://images002.bmf-application.com/optimized/PKW/240x120/SKODA036.png,https://www.ronal-wheels.com/int/configurator-promo,1,61,front wheel drive 
SCRAPED_RONAL_BMF_RESEARCH_ONLY,false,2026-08-03T22:53:31.241Z,BMF Media Information Technology GmbH / ProVis4,https://www.ronal-wheels.com/int/configurator-promo,Skoda|Elroq|K0005592|2025|,Skoda,Skoda,Elroq,Elroq,K0005592,Elroq (NY) 2025 - ,SUV,Elroq,NY,2025,,P00055920126492,https://images002.bmf-application.com/optimized/PKW/240x120/SKODA058.png,https://www.ronal-wheels.com/int/configurator-promo,4,70|77|89,All-wheel drive|rear wheel drive
SCRAPED_RONAL_BMF_RESEARCH_ONLY,false,2026-08-03T22:53:31.241Z,BMF Media Information Technology GmbH / ProVis4,https://www.ronal-wheels.com/int/configurator-promo,Skoda|Elroq|K0005665|2025|,Skoda,Skoda,Elroq,Elroq,K0005665,Elroq RS (NY) 2025 - ,SUV,Elroq RS,NY,2025,,P00056650127192,https://images002.bmf-application.com/optimized/PKW/240x120/SKODA064.png,https://www.ronal-wheels.com/int/configurator-promo,1,77,All-wheel drive
SCRAPED_RONAL_BMF_RESEARCH_ONLY,false,2026-08-03T22:53:31.241Z,BMF Media Information Technology GmbH / ProVis4,https://www.ronal-wheels.com/int/configurator-promo,Skoda|Enyaq|K0004832|2020|2024,Skoda,Skoda,Enyaq,Enyaq,K0004832,Enyaq (NY) 2020 - 2024,SUV,Enyaq,NY,2020,2024,P00048320106792,https://images002.bmf-application.com/optimized/PKW/240x120/SKODA042.png,https://www.ronal-wheels.com/int/configurator-promo,6,70|77|89,All-wheel drive|rear wheel drive
SCRAPED_RONAL_BMF_RESEARCH_ONLY,false,2026-08-03T22:53:31.241Z,BMF Media Information Technology GmbH / ProVis4,https://www.ronal-wheels.com/int/configurator-promo,Skoda|Enyaq|K0005639|2025|,Skoda,Skoda,Enyaq,Enyaq,K0005639,Enyaq (NY/Facelift) 2025 - ,SUV,Enyaq,NY,2025,,P00056390126855,https://images002.bmf-application.com/optimized/PKW/240x120/SKODA060.png,https://www.ronal-wheels.com/int/configurator-promo,3,70|77|89,All-wheel drive|rear wheel drive
SCRAPED_RONAL_BMF_RESEARCH_ONLY,false,2026-08-03T22:53:31.241Z,BMF Media Information Technology GmbH / ProVis4,https://www.ronal-wheels.com/int/configurator-promo,Skoda|Enyaq|K0005282|2023|2024,Skoda,Skoda,Enyaq,Enyaq,K0005282,Enyaq Coupé (NY) 2023 - 2024,SUV,Enyaq Coupé,NY,2023,2024,P00052820111255,https://images002.bmf-application.com/optimized/PKW/240x120/SKODA048.png,https://www.ronal-wheels.com/int/configurator-promo,5,70|77|89,All-wheel drive|rear wheel drive
SCRAPED_RONAL_BMF_RESEARCH_ONLY,false,2026-08-03T22:53:31.241Z,BMF Media Information Technology GmbH / ProVis4,https://www.ronal-wheels.com/int/configurator-promo,Skoda|Enyaq|K0005640|2025|,Skoda,Skoda,Enyaq,Enyaq,K0005640,Enyaq Coupé (NY/Facelift) 2025 - ,SUV,Enyaq Coupé,NY,2025,,P00056400126858,https://images002.bmf-application.com/optimized/PKW/240x120/SKODA059.png,https://www.ronal-wheels.com/int/configurator-promo,3,70|77|89,All-wheel drive|rear wheel drive
SCRAPED_RONAL_BMF_RESEARCH_ONLY,false,2026-08-03T22:53:31.241Z,BMF Media Information Technology GmbH / ProVis4,https://www.ronal-wheels.com/int/configurator-promo,Skoda|Enyaq|K0005216|2021|2025,Skoda,Skoda,Enyaq,Enyaq,K0005216,Enyaq RS (NY) 2021 - 2025,SUV,Enyaq RS,NY,2021,2025,P00052160108439,https://images002.bmf-application.com/optimized/PKW/240x120/SKODA049.png,https://www.ronal-wheels.com/int/configurator-promo,1,77,All-wheel drive
SCRAPED_RONAL_BMF_RESEARCH_ONLY,false,2026-08-03T22:53:31.241Z,BMF Media Information Technology GmbH / ProVis4,https://www.ronal-wheels.com/int/configurator-promo,Skoda|Enyaq|K0005680|2025|,Skoda,Skoda,Enyaq,Enyaq,K0005680,Enyaq RS (NY/Facelift) 2025 - ,SUV,Enyaq RS,NY,2025,,P00056800127258,https://images002.bmf-application.com/optimized/PKW/240x120/SKODA063.png,https://www.ronal-wheels.com/int/configurator-promo,1,77,All-wheel drive
SCRAPED_RONAL_BMF_RESEARCH_ONLY,false,2026-08-03T22:53:31.241Z,BMF Media Information Technology GmbH / ProVis4,https://www.ronal-wheels.com/int/configurator-promo,Skoda|Enyaq|K0005088|2022|2025,Skoda,Skoda,Enyaq,Enyaq,K0005088,Enyaq RS Coupé (NY) 2022 - 2025,SUV,Enyaq RS Coupé,NY,2022,2025,P00050880109772,https://images002.bmf-application.com/optimized/PKW/240x120/SKODA047.png,https://www.ronal-wheels.com/int/configurator-promo,1,77,All-wheel drive
SCRAPED_RONAL_BMF_RESEARCH_ONLY,false,2026-08-03T22:53:31.241Z,BMF Media Information Technology GmbH / ProVis4,https://www.ronal-wheels.com/int/configurator-promo,Skoda|Enyaq|K0005681|2025|,Skoda,Skoda,Enyaq,Enyaq,K0005681,Enyaq RS Coupé (NY/Facelift) 2025 - ,SUV,Enyaq RS Coupé,NY,2025,,P00056810127257,https://images002.bmf-application.com/optimized/PKW/240x120/SKODA062.png,https://www.ronal-wheels.com/int/configurator-promo,1,77,All-wheel drive
SCRAPED_RONAL_BMF_RESEARCH_ONLY,false,2026-08-03T22:53:31.241Z,BMF Media Information Technology GmbH / ProVis4,https://www.ronal-wheels.com/int/configurator-promo,Ssangyong|Korando|K0004678|2019|2023,Ssangyong,Ssangyong,Korando,Korando,K0004678,Korando (CW/CWN/EK) 2019 - 2023,Offroad,Korando,CW/CWN/EK,2019,2023,P00046780108662,https://images002.bmf-application.com/optimized/PKW/240x120/SSANG003.png,https://www.ronal-wheels.com/int/configurator-promo,2,66|75,front wheel drive 
SCRAPED_RONAL_BMF_RESEARCH_ONLY,false,2026-08-03T22:53:31.241Z,BMF Media Information Technology GmbH / ProVis4,https://www.ronal-wheels.com/int/configurator-promo,Ssangyong|Korando|K0005739|2024|,Ssangyong,Ssangyong,Korando,Korando,K0005739,Korando (CW/CWN/EK) 2024 - ,Offroad,Korando,CW/CWN/EK,2024,,P00057390122444,https://images002.bmf-application.com/optimized/PKW/240x120/KGM007.png,https://www.ronal-wheels.com/int/configurator-promo,1,66,front wheel drive 
SCRAPED_RONAL_BMF_RESEARCH_ONLY,false,2026-08-03T22:53:31.241Z,BMF Media Information Technology GmbH / ProVis4,https://www.ronal-wheels.com/int/configurator-promo,Subaru|Solterra|K0005110|2022|2025,Subaru,Subaru,Solterra,Solterra,K0005110,Solterra (EAM1S(M)) 2022 - 2025,SUV,Solterra,EAM1S(M),2022,2025,P00051100109976,https://images002.bmf-application.com/optimized/PKW/240x120/SUB011.png,https://www.ronal-wheels.com/int/configurator-promo,1,118,All-wheel drive
SCRAPED_RONAL_BMF_RESEARCH_ONLY,false,2026-08-03T22:53:31.241Z,BMF Media Information Technology GmbH / ProVis4,https://www.ronal-wheels.com/int/configurator-promo,Tesla|Model%203|K0004570|2019|2023,Tesla,Tesla,Model%203,Model 3,K0004570,Model 3 (003) 2019 - 2023,Saloon,Model 3,003,2019,2023,P00045700102515,https://images002.bmf-application.com/optimized/PKW/240x120/TESLA004.png,https://www.ronal-wheels.com/int/configurator-promo,5,88|90|100|153|155,All-wheel drive|rear wheel drive
SCRAPED_RONAL_BMF_RESEARCH_ONLY,false,2026-08-03T22:53:31.241Z,BMF Media Information Technology GmbH / ProVis4,https://www.ronal-wheels.com/int/configurator-promo,Tesla|Model%203|K0005367|2023|,Tesla,Tesla,Model%203,Model 3,K0005367,Model 3 Highland (003/Facelift) 2023 - ,Saloon,Model 3 Highland,003,2023,,P00053670122254,https://images002.bmf-application.com/optimized/PKW/240x120/TESLA009.png,https://www.ronal-wheels.com/int/configurator-promo,5,88|90|153|155|190,All-wheel drive|rear wheel drive
SCRAPED_RONAL_BMF_RESEARCH_ONLY,false,2026-08-03T22:53:31.241Z,BMF Media Information Technology GmbH / ProVis4,https://www.ronal-wheels.com/int/configurator-promo,Tesla|Model%20S|K0003521|2013|2016,Tesla,Tesla,Model%20S,Model S,K0003521,Model S (002) 2013 - 2016,Saloon,Model S,002,2013,2016,P00035210083515,https://images002.bmf-application.com/optimized/PKW/240x120/TESLA001.png,https://www.ronal-wheels.com/int/configurator-promo,8,52|60|66|67|69|90|158|169,All-wheel drive|rear wheel drive
SCRAPED_RONAL_BMF_RESEARCH_ONLY,false,2026-08-03T22:53:31.241Z,BMF Media Information Technology GmbH / ProVis4,https://www.ronal-wheels.com/int/configurator-promo,Tesla|Model%20S|K0004367|2016|2022,Tesla,Tesla,Model%20S,Model S,K0004367,Model S (002/Facelift) 2016 - 2022,Saloon,Model S,002,2016,2022,P00043670100209,https://images002.bmf-application.com/optimized/PKW/240x120/TESLA003.png,https://www.ronal-wheels.com/int/configurator-promo,6,90|158|169|177|180|186,All-wheel drive|rear wheel drive
SCRAPED_RONAL_BMF_RESEARCH_ONLY,false,2026-08-03T22:53:31.241Z,BMF Media Information Technology GmbH / ProVis4,https://www.ronal-wheels.com/int/configurator-promo,Tesla|Model%20Y|K0005021|2021|2024,Tesla,Tesla,Model%20Y,Model Y,K0005021,Model Y (003/005) 2021 - 2024,SUV,Model Y,003/005,2021,2024,P00050210108663,https://images002.bmf-application.com/optimized/PKW/240x120/TESLA005.png,https://www.ronal-wheels.com/int/configurator-promo,12,88|90|100|114|120|125|127|153|155|179|185|190,All-wheel drive|rear wheel drive
SCRAPED_RONAL_BMF_RESEARCH_ONLY,false,2026-08-03T22:53:31.241Z,BMF Media Information Technology GmbH / ProVis4,https://www.ronal-wheels.com/int/configurator-promo,Tesla|Model%20Y|K0005797|2025|,Tesla,Tesla,Model%20Y,Model Y,K0005797,Model Y (003/005) 2025 - ,SUV,Model Y,003/005,2025,,P00057970128367,https://images002.bmf-application.com/optimized/PKW/240x120/TESLA010.png,https://www.ronal-wheels.com/int/configurator-promo,14,88|114|120|125|127|153|155|165|169|175|179|180|185|190,All-wheel drive|rear wheel drive
SCRAPED_RONAL_BMF_RESEARCH_ONLY,false,2026-08-03T22:53:31.241Z,BMF Media Information Technology GmbH / ProVis4,https://www.ronal-wheels.com/int/configurator-promo,Toyota|bZ4X|K0005109|2022|2025,Toyota,Toyota,bZ4X,bZ4X,K0005109,bZ4X (EAM1(M)) 2022 - 2025,SUV,bZ4X,EAM1(M),2022,2025,P00051090109971,https://images002.bmf-application.com/optimized/PKW/240x120/TOY028.png,https://www.ronal-wheels.com/int/configurator-promo,2,73|118,All-wheel drive|front wheel drive 
SCRAPED_RONAL_BMF_RESEARCH_ONLY,false,2026-08-03T22:53:31.241Z,BMF Media Information Technology GmbH / ProVis4,https://www.ronal-wheels.com/int/configurator-promo,Toyota|Proace|K0004730|2020|,Toyota,Toyota,Proace,Proace,K0004730,Proace (E) 2020 - ,Van,Proace,E,2020,,P00047300108579,https://images002.bmf-application.com/optimized/PKW/240x120/TOY019.png,https://www.ronal-wheels.com/int/configurator-promo,3,57|62,front wheel drive 
SCRAPED_RONAL_BMF_RESEARCH_ONLY,false,2026-08-03T22:53:31.241Z,BMF Media Information Technology GmbH / ProVis4,https://www.ronal-wheels.com/int/configurator-promo,Toyota|Proace|K0004071|2016|,Toyota,Toyota,Proace,Proace,K0004071,Proace Verso (V) 2016 - ,Van,Proace Verso,V,2016,,P00040710106046,https://images002.bmf-application.com/optimized/PKW/240x120/TOPRV16X.png,https://www.ronal-wheels.com/int/configurator-promo,2,57|62,front wheel drive 
SCRAPED_RONAL_BMF_RESEARCH_ONLY,false,2026-08-03T22:53:31.241Z,BMF Media Information Technology GmbH / ProVis4,https://www.ronal-wheels.com/int/configurator-promo,Volvo|C30_2fS40_2fV50_2fC70|K0002918|2009|,Volvo,Volvo,C30_2fS40_2fV50_2fC70,C30/S40/V50/C70,K0002918,C30 (M/Facelift) 2009 - ,Coupe,C30,M,2009,,P00029180038775,https://images002.bmf-application.com/optimized/PKW/240x120/VOC3010X.png,https://www.ronal-wheels.com/int/configurator-promo,2,82|89,front wheel drive 
SCRAPED_RONAL_BMF_RESEARCH_ONLY,false,2026-08-03T22:53:31.241Z,BMF Media Information Technology GmbH / ProVis4,https://www.ronal-wheels.com/int/configurator-promo,Volvo|C40|K0005026|2021|,Volvo,Volvo,C40,C40,K0005026,C40 (X) 2021 - ,SUV,C40,X,2021,,P00050260109945,https://images002.bmf-application.com/optimized/PKW/240x120/VOLVO019.png,https://www.ronal-wheels.com/int/configurator-promo,5,80|120|128|160|183,All-wheel drive|front wheel drive 
SCRAPED_RONAL_BMF_RESEARCH_ONLY,false,2026-08-03T22:53:31.241Z,BMF Media Information Technology GmbH / ProVis4,https://www.ronal-wheels.com/int/configurator-promo,Volvo|EC40|K0005440|2024|,Volvo,Volvo,EC40,EC40,K0005440,EC40 (X) 2024 - ,SUV,EC40,X,2024,,P00054400124085,https://images002.bmf-application.com/optimized/PKW/240x120/VOLVO027.png,https://www.ronal-wheels.com/int/configurator-promo,4,101|120|128|183,All-wheel drive|rear wheel drive
SCRAPED_RONAL_BMF_RESEARCH_ONLY,false,2026-08-03T22:53:31.241Z,BMF Media Information Technology GmbH / ProVis4,https://www.ronal-wheels.com/int/configurator-promo,Volvo|EX30|K0005359|2024|,Volvo,Volvo,EX30,EX30,K0005359,EX30 (2) 2024 - ,SUV,EX30,2,2024,,P00053590122198,https://images002.bmf-application.com/optimized/PKW/240x120/VOLVO025.png,https://www.ronal-wheels.com/int/configurator-promo,2,75|116,All-wheel drive|rear wheel drive
SCRAPED_RONAL_BMF_RESEARCH_ONLY,false,2026-08-03T22:53:31.241Z,BMF Media Information Technology GmbH / ProVis4,https://www.ronal-wheels.com/int/configurator-promo,Volvo|EX40|K0005441|2024|,Volvo,Volvo,EX40,EX40,K0005441,EX40 (X) 2024 - ,SUV,EX40,X,2024,,P00054410124089,https://images002.bmf-application.com/optimized/PKW/240x120/VOLVO028.png,https://www.ronal-wheels.com/int/configurator-promo,4,101|120|128|183,All-wheel drive|rear wheel drive
SCRAPED_RONAL_BMF_RESEARCH_ONLY,false,2026-08-03T22:53:31.241Z,BMF Media Information Technology GmbH / ProVis4,https://www.ronal-wheels.com/int/configurator-promo,Volvo|XC40|K0004361|2017|2022,Volvo,Volvo,XC40,XC40,K0004361,XC40 (X) 2017 - 2022,SUV,XC40,X,2017,2022,P00043610107071,https://images002.bmf-application.com/optimized/PKW/240x120/VOLVO005.png,https://www.ronal-wheels.com/int/configurator-promo,1,160,All-wheel drive
SCRAPED_RONAL_BMF_RESEARCH_ONLY,false,2026-08-03T22:53:31.241Z,BMF Media Information Technology GmbH / ProVis4,https://www.ronal-wheels.com/int/configurator-promo,Volvo|XC40|K0005106|2022|,Volvo,Volvo,XC40,XC40,K0005106,XC40 (X/Facelift) 2022 - ,SUV,XC40,X,2022,,P00051060109181,https://images002.bmf-application.com/optimized/PKW/240x120/VOLVO020.png,https://www.ronal-wheels.com/int/configurator-promo,5,80|120|128|160|183,All-wheel drive|front wheel drive 
SCRAPED_RONAL_BMF_RESEARCH_ONLY,false,2026-08-03T22:53:31.241Z,BMF Media Information Technology GmbH / ProVis4,https://www.ronal-wheels.com/int/configurator-promo,VW|Crafter|K0004214|2017|,VW,VW,Crafter,Crafter,K0004214,Crafter (SYN../SZN..) 2017 - ,Transporter,Crafter,SYN../SZN..,2017,,P00042140101560,https://images002.bmf-application.com/optimized/PKW/240x120/VWCRA17Y.png,https://www.ronal-wheels.com/int/configurator-promo,1,100,rear wheel drive
SCRAPED_RONAL_BMF_RESEARCH_ONLY,false,2026-08-03T22:53:31.241Z,BMF Media Information Technology GmbH / ProVis4,https://www.ronal-wheels.com/int/configurator-promo,VW|Crafter|K0004598|2019|,VW,VW,Crafter,Crafter,K0004598,Crafter Camper (SYM...) 2019 - ,Camper,Crafter Camper,SYM...,2019,,P00045980104044,noimage.png,https://www.ronal-wheels.com/int/configurator-promo,1,100,front wheel drive 
SCRAPED_RONAL_BMF_RESEARCH_ONLY,false,2026-08-03T22:53:31.241Z,BMF Media Information Technology GmbH / ProVis4,https://www.ronal-wheels.com/int/configurator-promo,VW|Golf%20VI|K0002591|2008|2012,VW,VW,Golf%20VI,Golf VI,K0002591,Golf (1K) 2008 - 2012,Hatchback,Golf,1K,2008,2012,P00025910096580,https://images002.bmf-application.com/optimized/PKW/240x120/VW0012.png,https://www.ronal-wheels.com/int/configurator-promo,1,65,front wheel drive 
SCRAPED_RONAL_BMF_RESEARCH_ONLY,false,2026-08-03T22:53:31.241Z,BMF Media Information Technology GmbH / ProVis4,https://www.ronal-wheels.com/int/configurator-promo,VW|Golf%20VII|K0004076|2014|2017,VW,VW,Golf%20VII,Golf VII,K0004076,e-Golf (AU) 2014 - 2017,Hatchback,e-Golf,AU,2014,2017,P00040760085758,https://images002.bmf-application.com/optimized/PKW/240x120/VW0046.png,https://www.ronal-wheels.com/int/configurator-promo,1,85,front wheel drive 
SCRAPED_RONAL_BMF_RESEARCH_ONLY,false,2026-08-03T22:53:31.241Z,BMF Media Information Technology GmbH / ProVis4,https://www.ronal-wheels.com/int/configurator-promo,VW|Golf%20VII|K0004228|2017|2020,VW,VW,Golf%20VII,Golf VII,K0004228,e-Golf (AU/Facelift) 2017 - 2020,Hatchback,e-Golf,AU,2017,2020,P00042280098181,https://images002.bmf-application.com/optimized/PKW/240x120/VW0054.png,https://www.ronal-wheels.com/int/configurator-promo,1,100,front wheel drive 
SCRAPED_RONAL_BMF_RESEARCH_ONLY,false,2026-08-03T22:53:31.241Z,BMF Media Information Technology GmbH / ProVis4,https://www.ronal-wheels.com/int/configurator-promo,VW|ID.3|K0004801|2020|2023,VW,VW,ID.3,ID.3,K0004801,ID.3 (E1) 2020 - 2023,Hatchback,ID.3,E1,2020,2023,P00048010106039,https://images002.bmf-application.com/optimized/PKW/240x120/VW082.png,https://www.ronal-wheels.com/int/configurator-promo,5,70,rear wheel drive
SCRAPED_RONAL_BMF_RESEARCH_ONLY,false,2026-08-03T22:53:31.241Z,BMF Media Information Technology GmbH / ProVis4,https://www.ronal-wheels.com/int/configurator-promo,VW|ID.3|K0005277|2023|,VW,VW,ID.3,ID.3,K0005277,ID.3 (E1/Facelift) 2023 - ,Hatchback,ID.3,E1,2023,,P00052770111236,https://images002.bmf-application.com/optimized/PKW/240x120/VW123.png,https://www.ronal-wheels.com/int/configurator-promo,7,70,rear wheel drive
SCRAPED_RONAL_BMF_RESEARCH_ONLY,false,2026-08-03T22:53:31.241Z,BMF Media Information Technology GmbH / ProVis4,https://www.ronal-wheels.com/int/configurator-promo,VW|ID.4|K0004831|2020|,VW,VW,ID.4,ID.4,K0004831,ID.4 Pro (E2) 2020 - ,SUV,ID.4 Pro,E2,2020,,P00048310106791,https://images002.bmf-application.com/optimized/PKW/240x120/VW091.png,https://www.ronal-wheels.com/int/configurator-promo,6,70|77|89,All-wheel drive|rear wheel drive
SCRAPED_RONAL_BMF_RESEARCH_ONLY,false,2026-08-03T22:53:31.241Z,BMF Media Information Technology GmbH / ProVis4,https://www.ronal-wheels.com/int/configurator-promo,VW|ID.4|K0005392|2021|,VW,VW,ID.4,ID.4,K0005392,ID.4 Pure (E2) 2021 - ,SUV,ID.4 Pure,E2,2021,,P00053920107983,https://images002.bmf-application.com/optimized/PKW/240x120/VW091P.png,https://www.ronal-wheels.com/int/configurator-promo,3,70,rear wheel drive
SCRAPED_RONAL_BMF_RESEARCH_ONLY,false,2026-08-03T22:53:31.241Z,BMF Media Information Technology GmbH / ProVis4,https://www.ronal-wheels.com/int/configurator-promo,VW|ID.5|K0005008|2022|,VW,VW,ID.5,ID.5,K0005008,ID.5 (E2) 2022 - ,SUV,ID.5,E2,2022,,P00050080108578,https://images002.bmf-application.com/optimized/PKW/240x120/VW105.png,https://www.ronal-wheels.com/int/configurator-promo,6,70|77|89,All-wheel drive|rear wheel drive
SCRAPED_RONAL_BMF_RESEARCH_ONLY,false,2026-08-03T22:53:31.241Z,BMF Media Information Technology GmbH / ProVis4,https://www.ronal-wheels.com/int/configurator-promo,VW|ID.7|K0005326|2023|,VW,VW,ID.7,ID.7,K0005326,ID.7 (ED) 2023 - ,Saloon,ID.7,ED,2023,,P00053260111625,https://images002.bmf-application.com/optimized/PKW/240x120/VW127.png,https://www.ronal-wheels.com/int/configurator-promo,2,89,rear wheel drive
SCRAPED_RONAL_BMF_RESEARCH_ONLY,false,2026-08-03T22:53:31.241Z,BMF Media Information Technology GmbH / ProVis4,https://www.ronal-wheels.com/int/configurator-promo,VW|ID.7|K0005569|2024|,VW,VW,ID.7,ID.7,K0005569,ID.7 GTX (ED) 2024 - ,Saloon,ID.7 GTX,ED,2024,,P00055690124439,https://images002.bmf-application.com/optimized/PKW/240x120/VW138.png,https://www.ronal-wheels.com/int/configurator-promo,1,90,rear wheel drive
SCRAPED_RONAL_BMF_RESEARCH_ONLY,false,2026-08-03T22:53:31.241Z,BMF Media Information Technology GmbH / ProVis4,https://www.ronal-wheels.com/int/configurator-promo,VW|ID.7|K0005567|2024|,VW,VW,ID.7,ID.7,K0005567,ID.7 Tourer (ED) 2024 - ,Estate,ID.7 Tourer,ED,2024,,P00055670124437,https://images002.bmf-application.com/optimized/PKW/240x120/VW139.png,https://www.ronal-wheels.com/int/configurator-promo,2,89,rear wheel drive
SCRAPED_RONAL_BMF_RESEARCH_ONLY,false,2026-08-03T22:53:31.241Z,BMF Media Information Technology GmbH / ProVis4,https://www.ronal-wheels.com/int/configurator-promo,VW|ID.7|K0005568|2024|,VW,VW,ID.7,ID.7,K0005568,ID.7 Tourer GTX (ED) 2024 - ,Estate,ID.7 Tourer GTX,ED,2024,,P00055680124440,https://images002.bmf-application.com/optimized/PKW/240x120/VW140.png,https://www.ronal-wheels.com/int/configurator-promo,1,90,All-wheel drive
SCRAPED_RONAL_BMF_RESEARCH_ONLY,false,2026-08-03T22:53:31.241Z,BMF Media Information Technology GmbH / ProVis4,https://www.ronal-wheels.com/int/configurator-promo,VW|ID.Buzz|K0005108|2022|,VW,VW,ID.Buzz,ID.Buzz,K0005108,ID.Buzz (EB/EBN) 2022 - ,Van,ID.Buzz,EB/EBN,2022,,P00051080109969,https://images002.bmf-application.com/optimized/PKW/240x120/VW108.png,https://www.ronal-wheels.com/int/configurator-promo,5,70|89,rear wheel drive
SCRAPED_RONAL_BMF_RESEARCH_ONLY,false,2026-08-03T22:53:31.241Z,BMF Media Information Technology GmbH / ProVis4,https://www.ronal-wheels.com/int/configurator-promo,VW|ID.Buzz|K0005139|2022|,VW,VW,ID.Buzz,ID.Buzz,K0005139,ID.Buzz Cargo (EB/EBN) 2022 - ,Transporter,ID.Buzz Cargo,EB/EBN,2022,,P00051390109970,https://images002.bmf-application.com/optimized/PKW/240x120/VW109.png,https://www.ronal-wheels.com/int/configurator-promo,3,70|89,rear wheel drive
SCRAPED_RONAL_BMF_RESEARCH_ONLY,false,2026-08-03T22:53:31.241Z,BMF Media Information Technology GmbH / ProVis4,https://www.ronal-wheels.com/int/configurator-promo,VW|UP|K0003083|2011|2016,VW,VW,UP,UP,K0003083,UP (AA) 2011 - 2016,Hatchback,UP,AA,2011,2016,P00030830083464,https://images002.bmf-application.com/optimized/PKW/240x120/VW0002.png,https://www.ronal-wheels.com/int/configurator-promo,1,60,front wheel drive 
SCRAPED_RONAL_BMF_RESEARCH_ONLY,false,2026-08-03T22:53:31.241Z,BMF Media Information Technology GmbH / ProVis4,https://www.ronal-wheels.com/int/configurator-promo,VW|UP|K0004119|2016|,VW,VW,UP,UP,K0004119,UP (AA/Facelift) 2016 - ,Hatchback,UP,AA,2016,,P00041190096123,https://images002.bmf-application.com/optimized/PKW/240x120/VW0047.png,https://www.ronal-wheels.com/int/configurator-promo,2,60|61,front wheel drive 
